global_step,grad_norm,loss,train/ctc_loss,train/wer,validation/ctc_loss,validation/wer,validation/num_examples,test/ctc_loss,test/wer,test/num_examples,score,total_duration,accumulated_submission_time,accumulated_eval_time,accumulated_logging_time,preemption_count
0,28.427969,33.268673,,,,,,,,,,,,,,
1,,,32.02372,2.720477687774608,31.281271,2.409830367745735,5348.0,31.32179,2.6190360124306866,2472.0,50.177173376083374,260.51713013648987,50.177173376083374,210.339905500412,0.0,0.0
100,2.0713983,5.8074646,,,,,,,,,,,,,,
200,1.3227066,5.659691,,,,,,,,,,,,,,
300,0.5529867,5.5481544,,,,,,,,,,,,,,
400,1.6811643,5.482229,,,,,,,,,,,,,,
500,0.4836967,5.3386817,,,,,,,,,,,,,,
600,1.1078993,5.051175,,,,,,,,,,,,,,
700,1.093633,4.4417095,,,,,,,,,,,,,,
800,1.2898438,3.9597206,,,,,,,,,,,,,,
900,1.2623708,3.7124476,,,,,,,,,,,,,,
1000,1.8791866,3.4807181,,,,,,,,,,,,,,
1100,1.7878768,3.361665,,,,,,,,,,,,,,
1200,1.7833194,3.186993,,,,,,,,,,,,,,
1300,1.9684267,3.1111338,,,,,,,,,,,,,,
1400,2.9822118,2.976808,,,,,,,,,,,,,,
1500,1.9314919,2.898058,,,,,,,,,,,,,,
1600,2.7331538,2.8399937,,,,,,,,,,,,,,
1700,2.450963,2.7489328,,,,,,,,,,,,,,
1800,1.9520789,2.6939373,,,,,,,,,,,,,,
1872,,,5.989065,0.944635537887994,5.9347157,0.8966179750330672,5348.0,5.900747,0.899579550301627,2472.0,1490.16654586792,1801.698399305344,1490.16654586792,311.41912269592285,0.0428872108459472,0.0
1900,3.0977085,2.7144177,,,,,,,,,,,,,,
2000,1.7575692,2.6282542,,,,,,,,,,,,,,
2100,2.640644,2.6183457,,,,,,,,,,,,,,
2200,2.2368414,2.515451,,,,,,,,,,,,,,
2300,2.0033927,2.4837794,,,,,,,,,,,,,,
2400,2.232864,2.3607361,,,,,,,,,,,,,,
2500,2.574684,2.412868,,,,,,,,,,,,,,
2600,2.5843282,2.369686,,,,,,,,,,,,,,
2700,2.5294466,2.4280224,,,,,,,,,,,,,,
2800,2.3429449,2.321833,,,,,,,,,,,,,,
2900,2.1373146,2.3124402,,,,,,,,,,,,,,
3000,2.8124285,2.2839034,,,,,,,,,,,,,,
3100,3.5878217,2.2243593,,,,,,,,,,,,,,
3200,4.631436,2.1787817,,,,,,,,,,,,,,
3300,2.5452535,2.2382503,,,,,,,,,,,,,,
3400,2.6714456,2.1662407,,,,,,,,,,,,,,
3500,3.5292218,2.1407073,,,,,,,,,,,,,,
3600,2.3224852,2.114385,,,,,,,,,,,,,,
3700,2.5466065,2.1292896,,,,,,,,,,,,,,
3753,,,4.044222,0.8394214633886476,4.343741,0.8406016779787019,5348.0,4.0175743,0.8166676822456482,2472.0,2930.0526299476624,3347.6995663642883,2930.0526299476624,417.3969180583954,0.1002969741821289,0.0
3800,3.583467,2.0778317,,,,,,,,,,,,,,
3900,2.5127492,2.0454934,,,,,,,,,,,,,,
4000,2.2839224,2.0955448,,,,,,,,,,,,,,
4100,2.9041336,2.1133342,,,,,,,,,,,,,,
4200,3.2146068,1.9624832,,,,,,,,,,,,,,
4300,2.757907,2.0734022,,,,,,,,,,,,,,
4400,4.165063,1.9687514,,,,,,,,,,,,,,
4500,3.5256164,2.0098803,,,,,,,,,,,,,,
4600,3.171354,1.9899657,,,,,,,,,,,,,,
4700,2.5875366,1.9432659,,,,,,,,,,,,,,
4800,3.2455506,1.970212,,,,,,,,,,,,,,
4900,2.354766,2.079281,,,,,,,,,,,,,,
5000,2.2136884,1.972297,,,,,,,,,,,,,,
5100,3.3071048,1.920288,,,,,,,,,,,,,,
5200,2.2483466,1.8928897,,,,,,,,,,,,,,
5300,3.4375184,1.9704218,,,,,,,,,,,,,,
5400,3.718383,1.9289335,,,,,,,,,,,,,,
5500,3.1444492,1.9082707,,,,,,,,,,,,,,
5600,5.433299,1.9126805,,,,,,,,,,,,,,
5631,,,0.81866795,0.263658933852017,1.3233945,0.3476157834268225,5348.0,0.90402246,0.2713830154571121,2472.0,4370.493570804596,4918.217287063599,4370.493570804596,547.3359684944153,0.1602139472961425,0.0
5700,2.9451873,1.8870856,,,,,,,,,,,,,,
5800,2.3779945,1.8784324,,,,,,,,,,,,,,
5900,2.676173,1.8781779,,,,,,,,,,,,,,
6000,3.8852918,1.9503137,,,,,,,,,,,,,,
6100,3.4231267,1.8622547,,,,,,,,,,,,,,
6200,2.5893657,1.7845767,,,,,,,,,,,,,,
6300,3.9796996,1.8194212,,,,,,,,,,,,,,
6400,3.7675278,1.8116875,,,,,,,,,,,,,,
6500,6.672798,1.8443815,,,,,,,,,,,,,,
6600,2.9268916,1.7714086,,,,,,,,,,,,,,
6700,5.0069203,1.8604956,,,,,,,,,,,,,,
6800,3.8494842,1.8628641,,,,,,,,,,,,,,
6900,2.7784781,1.820769,,,,,,,,,,,,,,
7000,2.517818,1.6934775,,,,,,,,,,,,,,
7100,3.0007243,1.7745652,,,,,,,,,,,,,,
7200,2.6895804,1.7891071,,,,,,,,,,,,,,
7300,4.706677,1.7623907,,,,,,,,,,,,,,
7400,3.689453,1.7497443,,,,,,,,,,,,,,
7500,4.448994,1.8373798,,,,,,,,,,,,,,
7508,,,0.49500906,0.1657101865136298,0.8468176,0.2389912818482867,5348.0,0.54413795,0.1738874332256819,2472.0,5810.519919395447,6485.879333734512,5810.519919395447,674.8445720672607,0.2102463245391845,0.0
7600,2.1611176,1.7408695,,,,,,,,,,,,,,
7700,3.1143615,1.7151659,,,,,,,,,,,,,,
7800,2.8254156,1.7388548,,,,,,,,,,,,,,
7900,2.4396472,1.7616522,,,,,,,,,,,,,,
8000,4.7176404,1.742603,,,,,,,,,,,,,,
8100,3.0588124,1.7457927,,,,,,,,,,,,,,
8200,2.559355,1.690914,,,,,,,,,,,,,,
8300,2.535048,1.7055002,,,,,,,,,,,,,,
8400,3.3535058,1.7688876,,,,,,,,,,,,,,
8500,2.8203008,1.7326324,,,,,,,,,,,,,,
8600,3.09668,1.6931803,,,,,,,,,,,,,,
8700,2.2119462,1.7307031,,,,,,,,,,,,,,
8800,3.4561973,1.6524644,,,,,,,,,,,,,,
8900,2.7543721,1.683575,,,,,,,,,,,,,,
9000,4.4411616,1.6704471,,,,,,,,,,,,,,
9100,2.2816288,1.6752707,,,,,,,,,,,,,,
9200,4.405753,1.7013209,,,,,,,,,,,,,,
9300,2.2903216,1.6090378,,,,,,,,,,,,,,
9375,,,0.43644637,0.1516069059992607,0.7847899,0.226266449115151,5348.0,0.49220958,0.1607052180448073,2472.0,7250.4293653965,8053.384457349777,7250.4293653965,802.3117208480835,0.2591073513031006,0.0
9400,2.510291,1.6844171,,,,,,,,,,,,,,
9500,3.5719242,1.696758,,,,,,,,,,,,,,
9600,3.087809,1.634189,,,,,,,,,,,,,,
9700,2.3978753,1.6938069,,,,,,,,,,,,,,
9800,2.9296367,1.6832044,,,,,,,,,,,,,,
9900,2.0562334,1.6647838,,,,,,,,,,,,,,
10000,3.200426,1.6680002,,,,,,,,,,,,,,
10100,2.7436113,1.648942,,,,,,,,,,,,,,
10200,2.1969976,1.6426685,,,,,,,,,,,,,,
10300,3.0489163,1.5686857,,,,,,,,,,,,,,
10400,2.9730682,1.689616,,,,,,,,,,,,,,
10500,2.3709035,1.5857627,,,,,,,,,,,,,,
10600,2.0744367,1.6356097,,,,,,,,,,,,,,
10700,2.8543305,1.6162899,,,,,,,,,,,,,,
10800,4.3437896,1.5992981,,,,,,,,,,,,,,
10900,4.642526,1.6420048,,,,,,,,,,,,,,
11000,2.2618701,1.6453766,,,,,,,,,,,,,,
11100,2.5448995,1.6088262,,,,,,,,,,,,,,
11200,2.3258753,1.5740501,,,,,,,,,,,,,,
11245,,,0.39839566,0.1348245674869699,0.7003394,0.2028732247506685,5348.0,0.42750505,0.1384437267686308,2472.0,8690.447381734848,9623.366521120071,8690.447381734848,932.150776386261,0.3091225624084472,0.0
11300,2.628577,1.602703,,,,,,,,,,,,,,
11400,3.1821833,1.6068527,,,,,,,,,,,,,,
11500,1.991123,1.5810152,,,,,,,,,,,,,,
11600,2.7769496,1.6611722,,,,,,,,,,,,,,
11700,2.2144375,1.5191988,,,,,,,,,,,,,,
11800,2.811208,1.5759989,,,,,,,,,,,,,,
11900,1.9586735,1.5821276,,,,,,,,,,,,,,
12000,2.5489964,1.6345332,,,,,,,,,,,,,,
12100,3.8436053,1.5625416,,,,,,,,,,,,,,
12200,2.0195162,1.6008348,,,,,,,,,,,,,,
12300,1.8611685,1.5704376,,,,,,,,,,,,,,
12400,4.0982647,1.6306792,,,,,,,,,,,,,,
12500,1.8028718,1.5421174,,,,,,,,,,,,,,
12600,2.4575841,1.602812,,,,,,,,,,,,,,
12700,2.6660495,1.5632751,,,,,,,,,,,,,,
12800,2.9184926,1.5901619,,,,,,,,,,,,,,
12900,3.0084548,1.584412,,,,,,,,,,,,,,
13000,3.2144554,1.6087056,,,,,,,,,,,,,,
13097,,,0.35828677,0.122902175993874,0.6759975,0.1957674000984774,5348.0,0.40828264,0.1329392886884813,2472.0,10130.93940925598,11194.743379831314,10130.93940925598,1062.902586221695,0.3624863624572754,0.0
13100,2.1131773,1.5505592,,,,,,,,,,,,,,
13200,2.825742,1.5085206,,,,,,,,,,,,,,
13300,2.3118935,1.540945,,,,,,,,,,,,,,
13400,2.477916,1.5138761,,,,,,,,,,,,,,
13500,2.9160185,1.5848234,,,,,,,,,,,,,,
13600,5.5942636,1.5947256,,,,,,,,,,,,,,
13700,2.3961384,1.5421035,,,,,,,,,,,,,,
13800,2.0116,1.5133698,,,,,,,,,,,,,,
13900,2.2375417,1.5591451,,,,,,,,,,,,,,
14000,3.5802143,1.638325,,,,,,,,,,,,,,
14100,3.1908693,1.5876495,,,,,,,,,,,,,,
14200,3.0303383,1.4967964,,,,,,,,,,,,,,
14300,3.2094512,1.556365,,,,,,,,,,,,,,
14400,2.2823,1.6225729,,,,,,,,,,,,,,
14500,1.9595227,1.5494049,,,,,,,,,,,,,,
14600,2.0538676,1.4814392,,,,,,,,,,,,,,
14700,2.359135,1.5373592,,,,,,,,,,,,,,
14800,2.822782,1.5809901,,,,,,,,,,,,,,
14900,2.474521,1.5893775,,,,,,,,,,,,,,
14962,,,0.3073887,0.10991965469721,0.66407865,0.1894725663033299,5348.0,0.39409012,0.1279832632583836,2472.0,11571.057538032532,12765.181199550629,11571.057538032532,1193.0864050388336,0.4187800884246826,0.0
15000,2.130801,1.5484772,,,,,,,,,,,,,,
15100,2.0899534,1.52897,,,,,,,,,,,,,,
15200,3.5149965,1.5058174,,,,,,,,,,,,,,
15300,2.4812794,1.4808886,,,,,,,,,,,,,,
15400,2.5140467,1.5040466,,,,,,,,,,,,,,
15500,1.8130028,1.5530974,,,,,,,,,,,,,,
15600,2.4479733,1.5293292,,,,,,,,,,,,,,
15700,5.084736,1.5315683,,,,,,,,,,,,,,
15800,2.7185035,1.5015604,,,,,,,,,,,,,,
15900,2.4663405,1.5930068,,,,,,,,,,,,,,
16000,1.9177492,1.5042951,,,,,,,,,,,,,,
16100,2.356472,1.6156101,,,,,,,,,,,,,,
16200,2.2389317,1.4912193,,,,,,,,,,,,,,
16300,2.4071949,1.5068533,,,,,,,,,,,,,,
16400,1.9601907,1.5465257,,,,,,,,,,,,,,
16500,3.1100807,1.4659755,,,,,,,,,,,,,,
16600,2.311073,1.5756905,,,,,,,,,,,,,,
16700,2.2265563,1.5714281,,,,,,,,,,,,,,
16800,3.5522544,1.4815246,,,,,,,,,,,,,,
16835,,,0.29011217,0.1002186530757731,0.64188254,0.1854176120181121,5348.0,0.376188,0.1232709767838644,2472.0,13011.567573070526,14334.58424925804,13011.567573070526,1321.8467242717743,0.470963716506958,0.0
16900,2.0587058,1.5104723,,,,,,,,,,,,,,
17000,2.6332798,1.4879901,,,,,,,,,,,,,,
17100,2.6386633,1.498393,,,,,,,,,,,,,,
17200,3.6966803,1.4938066,,,,,,,,,,,,,,
17300,2.0041227,1.5170568,,,,,,,,,,,,,,
17400,3.0331604,1.5416343,,,,,,,,,,,,,,
17500,2.0324438,1.4785674,,,,,,,,,,,,,,
17600,2.5083373,1.557151,,,,,,,,,,,,,,
17700,2.8420866,1.472933,,,,,,,,,,,,,,
17800,2.288635,1.5045222,,,,,,,,,,,,,,
17900,2.8293443,1.4947149,,,,,,,,,,,,,,
18000,2.2258654,1.5231473,,,,,,,,,,,,,,
18100,3.2223778,1.4635144,,,,,,,,,,,,,,
18200,2.199777,1.4942839,,,,,,,,,,,,,,
18300,3.4297009,1.4630333,,,,,,,,,,,,,,
18400,1.6924051,1.45172,,,,,,,,,,,,,,
18500,2.1522248,1.4404182,,,,,,,,,,,,,,
18600,2.1026719,1.5168281,,,,,,,,,,,,,,
18699,,,0.28440312,0.1017874476448915,0.6201843,0.1779449105496394,5348.0,0.3639013,0.1166697134036114,2472.0,14452.057324409485,15904.27632713318,14452.057324409485,1450.9203205108645,0.5221822261810303,0.0
18700,2.3812177,1.4107531,,,,,,,,,,,,,,
18800,2.5779529,1.5418867,,,,,,,,,,,,,,
18900,1.9679865,1.4855204,,,,,,,,,,,,,,
19000,2.7084205,1.4604595,,,,,,,,,,,,,,
19100,2.2883418,1.4224266,,,,,,,,,,,,,,
19200,2.1572483,1.533575,,,,,,,,,,,,,,
19300,2.3171217,1.4780136,,,,,,,,,,,,,,
19400,2.8566809,1.4523944,,,,,,,,,,,,,,
19500,3.0448577,1.5312725,,,,,,,,,,,,,,
19600,2.5732899,1.478208,,,,,,,,,,,,,,
19700,2.5640395,1.4668884,,,,,,,,,,,,,,
19800,2.7511234,1.3920274,,,,,,,,,,,,,,
19900,3.8497105,1.4414171,,,,,,,,,,,,,,
20000,4.810503,1.5961208,,,,,,,,,,,,,,
20100,3.4112806,1.4960743,,,,,,,,,,,,,,
20200,2.7429075,1.4134605,,,,,,,,,,,,,,
20300,4.273215,1.4213691,,,,,,,,,,,,,,
20400,2.010407,1.4990962,,,,,,,,,,,,,,
20500,6.0570397,2.1253622,,,,,,,,,,,,,,
20562,,,0.37194127,0.1278405034506465,0.74006283,0.21005628662734,5348.0,0.42878658,0.1381390530741575,2472.0,15892.053307771685,17473.942279577255,15892.053307771685,1580.4662997722626,0.5690319538116455,0.0
20600,2.3697095,1.5246491,,,,,,,,,,,,,,
20700,2.5301952,1.4340247,,,,,,,,,,,,,,
20800,2.1169765,1.4940232,,,,,,,,,,,,,,
20900,1.8920583,1.5234287,,,,,,,,,,,,,,
21000,2.3837664,1.473605,,,,,,,,,,,,,,
21100,5.758563,1.4364733,,,,,,,,,,,,,,
21200,2.2426257,1.4172485,,,,,,,,,,,,,,
21300,2.7594688,1.5144583,,,,,,,,,,,,,,
21400,2.5733483,1.5354465,,,,,,,,,,,,,,
21500,1.7767463,1.4467417,,,,,,,,,,,,,,
21600,2.8772366,1.5121382,,,,,,,,,,,,,,
21700,2.0674322,1.4351699,,,,,,,,,,,,,,
21800,1.9562197,1.4429524,,,,,,,,,,,,,,
21900,2.5621188,1.4828552,,,,,,,,,,,,,,
22000,2.9154673,1.5231931,,,,,,,,,,,,,,
22100,2.8710816,1.5418909,,,,,,,,,,,,,,
22200,4.2244925,1.4331511,,,,,,,,,,,,,,
22300,2.5986238,1.4901528,,,,,,,,,,,,,,
22400,2.2025685,1.4294297,,,,,,,,,,,,,,
22424,,,0.28884396,0.1003825151027514,0.5864382,0.1685702424283383,5348.0,0.33424264,0.108463835232466,2472.0,17332.722475528717,19044.42265367508,17332.722475528717,1710.1465260982511,0.6207056045532227,0.0
22500,2.264033,1.4385401,,,,,,,,,,,,,,
22600,3.3800693,1.4942614,,,,,,,,,,,,,,
22700,2.212338,1.4744213,,,,,,,,,,,,,,
22800,1.9811606,1.3518568,,,,,,,,,,,,,,
22900,2.1939726,1.4935869,,,,,,,,,,,,,,
23000,4.0660415,1.445201,,,,,,,,,,,,,,
23100,4.199159,1.5526423,,,,,,,,,,,,,,
23200,8.917324,1.5543909,,,,,,,,,,,,,,
23300,2.3086584,1.4578153,,,,,,,,,,,,,,
23400,2.184933,1.4263656,,,,,,,,,,,,,,
23500,2.8889794,1.4558854,,,,,,,,,,,,,,
23600,2.0990384,1.4060464,,,,,,,,,,,,,,
23700,2.3425674,1.4308007,,,,,,,,,,,,,,
23800,3.1675835,1.5247685,,,,,,,,,,,,,,
23900,4.0977936,1.4319664,,,,,,,,,,,,,,
24000,2.9667044,1.4428424,,,,,,,,,,,,,,
24100,2.5534644,1.4408356,,,,,,,,,,,,,,
24200,2.8791718,1.4229261,,,,,,,,,,,,,,
24282,,,0.26335979,0.0925815413108344,0.57112896,0.1649497475308224,5348.0,0.32467374,0.1053764751284707,2472.0,18773.167671203613,20617.673898220062,18773.167671203613,1842.8221600055688,0.669813871383667,0.0
24300,2.1083255,1.3853478,,,,,,,,,,,,,,
24400,2.1651618,1.462694,,,,,,,,,,,,,,
24500,2.4837613,1.4207269,,,,,,,,,,,,,,
24600,2.2036068,1.6037533,,,,,,,,,,,,,,
24700,1.850979,1.4674419,,,,,,,,,,,,,,
24800,3.1619265,1.4050053,,,,,,,,,,,,,,
24900,4.515453,1.4446728,,,,,,,,,,,,,,
25000,2.5427213,1.3852485,,,,,,,,,,,,,,
25100,2.1448686,1.3841777,,,,,,,,,,,,,,
25200,3.365644,1.4591042,,,,,,,,,,,,,,
25300,2.1892314,1.3927741,,,,,,,,,,,,,,
25400,2.4971325,1.4229388,,,,,,,,,,,,,,
25500,2.9186928,1.3794872,,,,,,,,,,,,,,
25600,2.6198578,1.4503245,,,,,,,,,,,,,,
25700,3.336369,1.4342958,,,,,,,,,,,,,,
25800,3.131312,1.4696261,,,,,,,,,,,,,,
25900,2.8780491,1.4353954,,,,,,,,,,,,,,
26000,2.5595686,1.3791019,,,,,,,,,,,,,,
26100,15.3266535,1.4400514,,,,,,,,,,,,,,
26160,,,0.24716368,0.0865672902326759,0.5616791,0.1597265802253396,5348.0,0.31919894,0.1040968456116832,2472.0,20213.132209300995,22186.91223335266,20213.132209300995,1971.965883731842,0.7192978858947754,0.0
26200,3.1417716,1.4382939,,,,,,,,,,,,,,
26300,4.1876035,1.4702264,,,,,,,,,,,,,,
26400,2.8822079,1.4033947,,,,,,,,,,,,,,
26500,2.6574783,1.4209003,,,,,,,,,,,,,,
26600,3.2986403,1.4082302,,,,,,,,,,,,,,
26700,2.4607189,1.4398648,,,,,,,,,,,,,,
26800,2.4350846,1.4058985,,,,,,,,,,,,,,
26900,4.364686,1.3593831,,,,,,,,,,,,,,
27000,2.6703925,1.3790417,,,,,,,,,,,,,,
27100,2.0279486,1.3449546,,,,,,,,,,,,,,
27200,2.9255614,1.3973323,,,,,,,,,,,,,,
27300,2.48926,1.4195334,,,,,,,,,,,,,,
27400,2.8597434,1.4697471,,,,,,,,,,,,,,
27500,2.7997255,1.4896605,,,,,,,,,,,,,,
27600,2.2833745,1.4401729,,,,,,,,,,,,,,
27700,2.6527376,1.4031802,,,,,,,,,,,,,,
27800,3.4986944,1.4556434,,,,,,,,,,,,,,
27900,4.403573,1.4569848,,,,,,,,,,,,,,
28000,4.1648765,1.4239644,,,,,,,,,,,,,,
28023,,,0.22956255,0.0819635358251388,0.55623513,0.1593886673682381,5348.0,0.31323823,0.1003188918002153,2472.0,21653.53663802147,23756.92065119744,21653.53663802147,2101.443710565567,0.7677211761474609,0.0
28100,2.8743913,1.443889,,,,,,,,,,,,,,
28200,2.522465,1.3805252,,,,,,,,,,,,,,
28300,2.9473586,1.3749341,,,,,,,,,,,,,,
28400,2.866421,1.4071926,,,,,,,,,,,,,,
28500,3.3235126,1.4574882,,,,,,,,,,,,,,
28600,5.6046157,1.402689,,,,,,,,,,,,,,
28700,2.4599116,1.3976865,,,,,,,,,,,,,,
28800,1.7746794,1.3742188,,,,,,,,,,,,,,
28900,4.672052,1.4276248,,,,,,,,,,,,,,
29000,3.1145926,1.4654605,,,,,,,,,,,,,,
29100,2.8136334,1.4666986,,,,,,,,,,,,,,
29200,2.7973974,1.3834388,,,,,,,,,,,,,,
29300,4.364311,1.3073491,,,,,,,,,,,,,,
29400,2.5411031,1.3857918,,,,,,,,,,,,,,
29500,2.6296577,1.4351295,,,,,,,,,,,,,,
29600,2.7361162,1.4052323,,,,,,,,,,,,,,
29700,4.3399477,1.3791982,,,,,,,,,,,,,,
29800,2.3951826,1.3899884,,,,,,,,,,,,,,
29874,,,0.21739861,0.0761473238485849,0.5391095,0.1553723316952605,5348.0,0.29957634,0.0962159527146426,2472.0,23093.58770132065,25326.379274606705,23093.58770132065,2230.7244203090668,0.8171615600585938,0.0
29900,2.9170806,1.4002157,,,,,,,,,,,,,,
30000,2.5128996,1.3326241,,,,,,,,,,,,,,
30100,2.6472976,1.3541635,,,,,,,,,,,,,,
30200,3.6149023,1.3913673,,,,,,,,,,,,,,
30300,2.7940733,1.3360162,,,,,,,,,,,,,,
30400,2.4271383,1.3475869,,,,,,,,,,,,,,
30500,2.90844,1.4324477,,,,,,,,,,,,,,
30600,3.160803,1.3496296,,,,,,,,,,,,,,
30700,2.8853462,1.339281,,,,,,,,,,,,,,
30800,3.1504328,1.3370405,,,,,,,,,,,,,,
30900,3.5281436,1.3388315,,,,,,,,,,,,,,
31000,1.9982165,1.3577824,,,,,,,,,,,,,,
31100,2.1343222,1.381924,,,,,,,,,,,,,,
31200,2.0822995,1.3878769,,,,,,,,,,,,,,
31300,4.756323,1.4313052,,,,,,,,,,,,,,
31400,3.3202415,1.3376234,,,,,,,,,,,,,,
31500,2.8373885,1.3723679,,,,,,,,,,,,,,
31600,1.8826683,1.3780437,,,,,,,,,,,,,,
31700,7.0697737,1.3988019,,,,,,,,,,,,,,
31750,,,0.23552318,0.0829324839660253,0.52538127,0.1492223176960136,5348.0,0.28810075,0.0930676578717526,2472.0,24533.89346313477,26895.784299135208,24533.89346313477,2359.693985939026,0.8677749633789062,0.0
31800,2.0689294,1.3946418,,,,,,,,,,,,,,
31900,2.3362074,1.3672718,,,,,,,,,,,,,,
32000,2.7508464,1.373231,,,,,,,,,,,,,,
32100,2.5316174,1.4978061,,,,,,,,,,,,,,
32200,4.4961977,1.3046077,,,,,,,,,,,,,,
32300,2.6388414,1.3450817,,,,,,,,,,,,,,
32400,2.6162794,1.3417673,,,,,,,,,,,,,,
32500,9.1008415,1.452545,,,,,,,,,,,,,,
32600,3.4353633,1.3149585,,,,,,,,,,,,,,
32700,2.412685,1.3786592,,,,,,,,,,,,,,
32800,2.8464944,1.3879539,,,,,,,,,,,,,,
32900,1.9264457,1.3174444,,,,,,,,,,,,,,
33000,2.7411814,1.3561717,,,,,,,,,,,,,,
33100,3.6061764,1.3811064,,,,,,,,,,,,,,
33200,2.7096462,1.358521,,,,,,,,,,,,,,
33300,1.6896414,1.3032906,,,,,,,,,,,,,,
33400,1.8426266,1.3838927,,,,,,,,,,,,,,
33500,3.5624769,1.4229721,,,,,,,,,,,,,,
33600,2.6747475,1.3554133,,,,,,,,,,,,,,
33618,,,0.20727246,0.071731262784931,0.508135,0.1452639099413962,5348.0,0.27899536,0.0906912030548615,2472.0,25974.13642978668,28464.692205667496,25974.13642978668,2488.221802473068,0.9274444580078124,0.0
33700,2.5562067,1.2635868,,,,,,,,,,,,,,
33800,2.8783715,1.3440422,,,,,,,,,,,,,,
33900,2.2817566,1.3178385,,,,,,,,,,,,,,
34000,2.3879735,1.3257539,,,,,,,,,,,,,,
34100,2.920431,1.3209057,,,,,,,,,,,,,,
34200,3.6406438,1.3695964,,,,,,,,,,,,,,
34300,3.076633,1.3802141,,,,,,,,,,,,,,
34400,2.2280698,1.3608702,,,,,,,,,,,,,,
34500,2.8825145,1.2579677,,,,,,,,,,,,,,
34600,4.9174614,1.239292,,,,,,,,,,,,,,
34700,1.8693799,1.3395631,,,,,,,,,,,,,,
34800,5.127473,1.3083532,,,,,,,,,,,,,,
34900,2.1970468,1.3331712,,,,,,,,,,,,,,
35000,2.2746308,1.3045425,,,,,,,,,,,,,,
35100,2.054989,1.3315852,,,,,,,,,,,,,,
35200,2.082223,1.3262086,,,,,,,,,,,,,,
35300,1.6745813,1.2466382,,,,,,,,,,,,,,
35400,3.0213826,1.2667623,,,,,,,,,,,,,,
35485,,,0.21401729,0.0742388361783334,0.49995896,0.1409386253704973,5348.0,0.27405277,0.0884975524546544,2472.0,27414.150336265564,30037.16746258736,27414.150336265564,2620.5535802841187,0.9789988994598388,0.0
35500,4.529991,1.3440468,,,,,,,,,,,,,,
35600,2.7219455,1.290959,,,,,,,,,,,,,,
35700,2.519867,1.2916123,,,,,,,,,,,,,,
35800,2.5452557,1.3251705,,,,,,,,,,,,,,
35900,2.507111,1.2923441,,,,,,,,,,,,,,
36000,4.09397,1.2575799,,,,,,,,,,,,,,
36100,4.332171,1.3460274,,,,,,,,,,,,,,
36200,3.2243574,1.3258544,,,,,,,,,,,,,,
36300,3.928627,1.3366517,,,,,,,,,,,,,,
36400,2.7225597,1.2570324,,,,,,,,,,,,,,
36500,3.4812524,1.3788035,,,,,,,,,,,,,,
36600,1.4212686,1.3082604,,,,,,,,,,,,,,
36700,2.8556938,1.2989293,,,,,,,,,,,,,,
36800,2.6752584,1.2372863,,,,,,,,,,,,,,
36900,2.7892423,1.2980875,,,,,,,,,,,,,,
37000,2.8445756,1.2472932,,,,,,,,,,,,,,
37100,4.870133,1.3036855,,,,,,,,,,,,,,
37200,3.220181,1.3437008,,,,,,,,,,,,,,
37300,2.5503829,1.3083886,,,,,,,,,,,,,,
37367,,,0.21196292,0.0711606296023956,0.4963388,0.1395580099829112,5348.0,0.271925,0.0861210976377633,2472.0,28854.38209295273,31606.85708379745,28854.38209295273,2749.883975505829,1.0285236835479736,0.0
37400,2.642031,1.2786925,,,,,,,,,,,,,,
37500,2.7565484,1.2605128,,,,,,,,,,,,,,
37600,2.62589,1.2943827,,,,,,,,,,,,,,
37700,3.880137,1.254249,,,,,,,,,,,,,,
37800,3.1864498,1.285456,,,,,,,,,,,,,,
37900,2.0700347,1.2467767,,,,,,,,,,,,,,
38000,2.1688085,1.2471788,,,,,,,,,,,,,,
38100,2.219063,1.2396623,,,,,,,,,,,,,,
38200,3.2793398,1.3019247,,,,,,,,,,,,,,
38300,4.9799056,1.2510656,,,,,,,,,,,,,,
38400,3.241092,1.2253479,,,,,,,,,,,,,,
38500,2.2642531,1.2940036,,,,,,,,,,,,,,
38600,2.7720656,1.2541276,,,,,,,,,,,,,,
38700,2.6219645,1.2538035,,,,,,,,,,,,,,
38800,3.427859,1.2580535,,,,,,,,,,,,,,
38900,2.0782201,1.2922899,,,,,,,,,,,,,,
39000,3.506092,1.2555293,,,,,,,,,,,,,,
39100,2.583546,1.3025376,,,,,,,,,,,,,,
39200,4.82295,1.2548127,,,,,,,,,,,,,,
39226,,,0.15584709,0.0572091879093508,0.48759633,0.137675352636203,5348.0,0.26422754,0.0844352365283448,2472.0,30294.67347431183,33179.16142296791,30294.67347431183,2881.761177778244,1.083326816558838,0.0
39300,2.1883516,1.2733935,,,,,,,,,,,,,,
39400,3.4775777,1.269929,,,,,,,,,,,,,,
39500,3.1044457,1.2648011,,,,,,,,,,,,,,
39600,3.108589,1.2977661,,,,,,,,,,,,,,
39700,3.4388041,1.2894664,,,,,,,,,,,,,,
39800,2.3435614,1.3227807,,,,,,,,,,,,,,
39900,2.2350788,1.286925,,,,,,,,,,,,,,
40000,4.5523467,1.3323442,,,,,,,,,,,,,,
40100,2.0064335,1.2589587,,,,,,,,,,,,,,
40200,2.6731763,1.3085606,,,,,,,,,,,,,,
40300,4.2125688,1.2732089,,,,,,,,,,,,,,
40400,2.5307834,1.2853068,,,,,,,,,,,,,,
40500,2.1371667,1.2015731,,,,,,,,,,,,,,
40600,3.3452196,1.2659565,,,,,,,,,,,,,,
40700,1.9018283,1.3097316,,,,,,,,,,,,,,
40800,2.9306216,1.2320253,,,,,,,,,,,,,,
40900,2.0629635,1.246813,,,,,,,,,,,,,,
41000,2.8368664,1.2855511,,,,,,,,,,,,,,
41097,,,0.18140782,0.0636153407530992,0.4808032,0.1365747221873582,5348.0,0.26091576,0.0832165417504519,2472.0,31735.08524131775,34749.76213312149,31735.08524131775,3011.818742752075,1.1347403526306152,0.0
41100,3.7701273,1.2944671,,,,,,,,,,,,,,
41200,3.979909,1.2355562,,,,,,,,,,,,,,
41300,3.6849515,1.204734,,,,,,,,,,,,,,
41400,2.686325,1.2610525,,,,,,,,,,,,,,
41500,3.4199886,1.2436205,,,,,,,,,,,,,,
41600,2.8557494,1.2955945,,,,,,,,,,,,,,
41700,3.4847023,1.2031307,,,,,,,,,,,,,,
41800,1.8813109,1.2540464,,,,,,,,,,,,,,
41900,3.171035,1.2485454,,,,,,,,,,,,,,
42000,3.5840871,1.3175449,,,,,,,,,,,,,,
42100,2.0569923,1.2619957,,,,,,,,,,,,,,
42200,3.0014558,1.271755,,,,,,,,,,,,,,
42300,2.92497,1.2458946,,,,,,,,,,,,,,
42400,5.1707244,1.2724671,,,,,,,,,,,,,,
42500,3.259642,1.2216662,,,,,,,,,,,,,,
42600,2.399001,1.2658538,,,,,,,,,,,,,,
42700,2.943264,1.2429756,,,,,,,,,,,,,,
42800,2.4755733,1.1852272,,,,,,,,,,,,,,
42900,2.943354,1.2205402,,,,,,,,,,,,,,
42949,,,0.24307889,0.0841275093158605,0.482344,0.135387199860973,5348.0,0.25833505,0.081368188003981,2472.0,33175.33716893196,36319.63754725456,33175.33716893196,3141.301236152649,1.1961605548858645,0.0
43000,2.5939364,1.2614594,,,,,,,,,,,,,,
43100,2.860376,1.2477933,,,,,,,,,,,,,,
43200,5.024048,1.2784292,,,,,,,,,,,,,,
43300,2.470324,1.3372353,,,,,,,,,,,,,,
43400,2.662286,1.2194941,,,,,,,,,,,,,,
43500,3.3607438,1.2101183,,,,,,,,,,,,,,
43600,2.7746203,1.256684,,,,,,,,,,,,,,
43700,3.848714,1.2409256,,,,,,,,,,,,,,
43800,3.710654,1.203554,,,,,,,,,,,,,,
43900,2.8995917,1.2188822,,,,,,,,,,,,,,
44000,4.0121236,1.263293,,,,,,,,,,,,,,
44100,4.1503997,1.2362615,,,,,,,,,,,,,,
44200,3.0577066,1.192266,,,,,,,,,,,,,,
44300,5.1152825,1.245145,,,,,,,,,,,,,,
44400,2.6677027,1.2531251,,,,,,,,,,,,,,
44500,3.6670094,1.1784312,,,,,,,,,,,,,,
44600,2.3806512,1.1621422,,,,,,,,,,,,,,
44700,2.815253,1.2278379,,,,,,,,,,,,,,
44800,2.872295,1.2551175,,,,,,,,,,,,,,
44814,,,0.25288358,0.0878220465534565,0.47112074,0.132886644718422,5348.0,0.25602177,0.080738529035403,2472.0,34615.41853308678,37889.26099181175,34615.41853308678,3270.705544948578,1.254611253738403,0.0
44900,2.9849882,1.2380486,,,,,,,,,,,,,,
45000,3.0208561,1.196825,,,,,,,,,,,,,,
45100,2.7415254,1.2179714,,,,,,,,,,,,,,
45200,2.952081,1.228152,,,,,,,,,,,,,,
45300,3.497736,1.2041572,,,,,,,,,,,,,,
45400,3.9320285,1.2388177,,,,,,,,,,,,,,
45500,3.5087323,1.2012218,,,,,,,,,,,,,,
45600,2.3662243,1.2069266,,,,,,,,,,,,,,
45700,3.5533757,1.2289934,,,,,,,,,,,,,,
45800,3.139824,1.1820168,,,,,,,,,,,,,,
45900,2.5451486,1.2553529,,,,,,,,,,,,,,
46000,2.499679,1.2844254,,,,,,,,,,,,,,
46100,3.0530746,1.2410135,,,,,,,,,,,,,,
46200,3.2554975,1.2733464,,,,,,,,,,,,,,
46300,2.2688682,1.1247478,,,,,,,,,,,,,,
46400,3.0442019,1.2278844,,,,,,,,,,,,,,
46500,3.5319633,1.1977818,,,,,,,,,,,,,,
46600,3.3693209,1.2061017,,,,,,,,,,,,,,
46669,,,0.29911098,0.1038250726816456,0.47195938,0.133118356391863,5348.0,0.25513124,0.0810228911502447,2472.0,36055.94076180458,39456.361016750336,36055.94076180458,3397.144973516464,1.3148939609527588,0.0
46700,3.8639712,1.2127281,,,,,,,,,,,,,,
46800,2.0675604,1.213191,,,,,,,,,,,,,,
46900,2.9171786,1.1541027,,,,,,,,,,,,,,
47000,14.859657,1.2675978,,,,,,,,,,,,,,
47100,3.2802615,1.2935797,,,,,,,,,,,,,,
47200,2.8339844,1.2109224,,,,,,,,,,,,,,
47300,6.282935,1.2735192,,,,,,,,,,,,,,
47400,2.509464,1.1846467,,,,,,,,,,,,,,
47500,2.3617985,1.1470333,,,,,,,,,,,,,,
47600,2.6994016,1.2459024,,,,,,,,,,,,,,
47700,2.7853096,1.2604424,,,,,,,,,,,,,,
47800,5.9782844,1.289364,,,,,,,,,,,,,,
47900,4.121593,1.2433984,,,,,,,,,,,,,,
48000,4.2769523,1.1699708,,,,,,,,,,,,,,
48100,2.4301872,1.2793335,,,,,,,,,,,,,,
48200,3.667231,1.1575594,,,,,,,,,,,,,,
48300,2.3602042,1.2261171,,,,,,,,,,,,,,
48400,2.7346787,1.2339464,,,,,,,,,,,,,,
48500,4.736115,1.1993548,,,,,,,,,,,,,,
48544,,,0.2618877,0.0898445089461816,0.46736065,0.132191509698099,5348.0,0.24837671,0.0786464363333536,2472.0,37496.406891822815,41023.06991529465,37496.406891822815,3523.2548410892487,1.3704700469970703,0.0
48600,3.0544405,1.2443696,,,,,,,,,,,,,,
48700,2.1122203,1.2724522,,,,,,,,,,,,,,
48800,2.706944,1.2160236,,,,,,,,,,,,,,
48900,3.0050716,1.2087713,,,,,,,,,,,,,,
49000,3.637128,1.2989097,,,,,,,,,,,,,,
49100,2.5899632,1.2191117,,,,,,,,,,,,,,
49200,3.3686578,1.1962098,,,,,,,,,,,,,,
49300,2.3411727,1.2072701,,,,,,,,,,,,,,
49400,11.459954,1.2087765,,,,,,,,,,,,,,
49500,1.9473504,1.2029253,,,,,,,,,,,,,,
49600,3.6604404,1.2186608,,,,,,,,,,,,,,
49700,2.5975595,1.185231,,,,,,,,,,,,,,
49800,3.1014175,1.216347,,,,,,,,,,,,,,
49900,3.299517,1.2101244,,,,,,,,,,,,,,
50000,1.6894295,1.2129252,,,,,,,,,,,,,,
50100,2.0696466,1.2477766,,,,,,,,,,,,,,
50200,3.066937,1.2186568,,,,,,,,,,,,,,
50300,2.8675518,1.2462628,,,,,,,,,,,,,,
50400,2.6730566,1.2790911,,,,,,,,,,,,,,
50403,,,0.24126717,0.0856835870085622,0.4646513,0.1325101132490804,5348.0,0.24853562,0.0789104868685637,2472.0,38936.43829989433,42590.47196102142,38936.43829989433,3650.487261295319,1.4303326606750488,0.0
50500,2.5687919,1.2350514,,,,,,,,,,,,,,
50600,2.1837783,1.192085,,,,,,,,,,,,,,
50700,2.890235,1.2513261,,,,,,,,,,,,,,
50800,2.0115252,1.1732922,,,,,,,,,,,,,,
50900,3.2689424,1.2020292,,,,,,,,,,,,,,
51000,2.9764805,1.2182417,,,,,,,,,,,,,,
51100,3.799412,1.2877673,,,,,,,,,,,,,,
51200,3.0846922,1.2094944,,,,,,,,,,,,,,
51300,2.3854349,1.1791091,,,,,,,,,,,,,,
51400,3.0021794,1.2580762,,,,,,,,,,,,,,
51500,3.8050516,1.1928556,,,,,,,,,,,,,,
51600,5.6619987,1.2933241,,,,,,,,,,,,,,
51700,3.808156,1.2122114,,,,,,,,,,,,,,
51800,3.7596328,1.2258285,,,,,,,,,,,,,,
51900,4.1047916,1.162821,,,,,,,,,,,,,,
52000,2.470463,1.2295079,,,,,,,,,,,,,,
52100,3.259105,1.1957623,,,,,,,,,,,,,,
52200,2.3442059,1.2814164,,,,,,,,,,,,,,
52257,,,0.2191026,0.0786794853668881,0.472499,0.1326259690858009,5348.0,0.25187612,0.0786464363333536,2472.0,40376.88593292236,44159.03839254379,40376.88593292236,3778.471880674362,1.486715316772461,0.0
52300,2.7613533,1.1809112,,,,,,,,,,,,,,
52400,3.1542237,1.2556051,,,,,,,,,,,,,,
52500,3.153426,1.2150798,,,,,,,,,,,,,,
52600,2.2106733,1.2163856,,,,,,,,,,,,,,
52700,2.2761676,1.2177081,,,,,,,,,,,,,,
52800,2.2768056,1.2175248,,,,,,,,,,,,,,
52900,3.7967033,1.2420585,,,,,,,,,,,,,,
53000,3.709664,1.1959891,,,,,,,,,,,,,,
53100,5.078901,1.2603319,,,,,,,,,,,,,,
53200,3.666383,1.2164981,,,,,,,,,,,,,,
53300,2.2789526,1.2128743,,,,,,,,,,,,,,
53400,3.3921041,1.2037882,,,,,,,,,,,,,,
53500,3.660652,1.2281241,,,,,,,,,,,,,,
53600,2.9050803,1.1967081,,,,,,,,,,,,,,
53700,2.8286157,1.2859255,,,,,,,,,,,,,,
53800,2.216818,1.1677926,,,,,,,,,,,,,,
53900,2.220407,1.2102842,,,,,,,,,,,,,,
54000,2.8402214,1.2150422,,,,,,,,,,,,,,
54100,4.262294,1.217843,,,,,,,,,,,,,,
54126,,,0.24138021,0.0850174064640166,0.46762988,0.1313225909226952,5348.0,0.25326926,0.0791745374037738,2472.0,41817.37596940994,45729.034103155136,41817.37596940994,3907.842423439026,1.5429034233093262,0.0
54200,3.0059361,1.2268409,,,,,,,,,,,,,,
54300,2.9386697,1.2348417,,,,,,,,,,,,,,
54400,3.8208938,1.1648716,,,,,,,,,,,,,,
54500,2.7991252,1.2205441,,,,,,,,,,,,,,
54600,3.5673702,1.1821517,,,,,,,,,,,,,,
54700,2.109183,1.1673629,,,,,,,,,,,,,,
54800,2.2905552,1.1950336,,,,,,,,,,,,,,
54900,5.1131396,1.2013619,,,,,,,,,,,,,,
55000,7.2547107,1.1933087,,,,,,,,,,,,,,
55100,3.5642617,1.21907,,,,,,,,,,,,,,
55200,2.9529784,1.2101011,,,,,,,,,,,,,,
55300,2.533356,1.2115235,,,,,,,,,,,,,,
55400,4.3787317,1.2142367,,,,,,,,,,,,,,
55500,3.0811367,1.2400297,,,,,,,,,,,,,,
55600,3.3706353,1.2119117,,,,,,,,,,,,,,
55700,3.5565903,1.2182468,,,,,,,,,,,,,,
55800,2.4090443,1.2047808,,,,,,,,,,,,,,
55900,3.6343238,1.1511666,,,,,,,,,,,,,,
56000,,,0.22714897,0.0809354062875794,0.45969555,0.1299709394942892,5348.0,0.24773596,0.0776714805110393,2472.0,43257.2538228035,47296.554542541504,43257.2538228035,4035.3475959301,1.6021151542663574,0.0
56000,2.8398888,1.1832558,,,,,,,,,,,,,,
56100,3.6420562,1.2268403,,,,,,,,,,,,,,
56200,7.703467,1.3250734,,,,,,,,,,,,,,
56300,2.576265,1.2332045,,,,,,,,,,,,,,
56400,2.7470841,1.1959414,,,,,,,,,,,,,,
56500,2.8776133,1.2732979,,,,,,,,,,,,,,
56600,2.735187,1.2170769,,,,,,,,,,,,,,
56700,2.0579805,1.1922598,,,,,,,,,,,,,,
56800,2.8428164,1.2464858,,,,,,,,,,,,,,
56900,5.322971,1.1975753,,,,,,,,,,,,,,
57000,4.3250504,1.1848168,,,,,,,,,,,,,,
57100,3.6264424,1.2493436,,,,,,,,,,,,,,
57200,2.6553009,1.2277588,,,,,,,,,,,,,,
57300,3.074726,1.1821116,,,,,,,,,,,,,,
57400,3.1805224,1.18671,,,,,,,,,,,,,,
57500,2.5869625,1.2029934,,,,,,,,,,,,,,
57600,2.3370934,1.2056619,,,,,,,,,,,,,,
57700,4.4777517,1.1624773,,,,,,,,,,,,,,
57800,2.9954894,1.2476145,,,,,,,,,,,,,,
57869,,,0.23409824,0.0853773636077631,0.48012987,0.132201164351159,5348.0,0.2487753,0.0776308573517762,2472.0,44697.57495498657,48865.03251791,44697.57495498657,4163.369749307632,1.6589698791503906,0.0
57900,2.1024642,1.2295588,,,,,,,,,,,,,,
58000,3.4388087,1.1869972,,,,,,,,,,,,,,
58100,2.7544034,1.1897984,,,,,,,,,,,,,,
58200,3.0681734,1.207437,,,,,,,,,,,,,,
58300,4.5220165,1.2670721,,,,,,,,,,,,,,
58400,3.4699907,1.2312592,,,,,,,,,,,,,,
58500,4.6602526,1.1829044,,,,,,,,,,,,,,
58600,2.8791795,1.2089604,,,,,,,,,,,,,,
58700,4.7395067,1.3494792,,,,,,,,,,,,,,
58800,2.1521013,1.2406945,,,,,,,,,,,,,,
58900,2.3533623,1.2218251,,,,,,,,,,,,,,
59000,4.008291,1.282837,,,,,,,,,,,,,,
59100,8.701447,1.1928366,,,,,,,,,,,,,,
59200,3.0329547,1.1702797,,,,,,,,,,,,,,
59300,4.2797327,1.2015985,,,,,,,,,,,,,,
59400,4.0436535,1.2252477,,,,,,,,,,,,,,
59500,8.488719,1.247156,,,,,,,,,,,,,,
59600,2.799063,1.1846399,,,,,,,,,,,,,,
59700,2.8805292,1.1663262,,,,,,,,,,,,,,
59734,,,0.22979741,0.0813526570048309,0.4602426,0.1295557894127074,5348.0,0.24207602,0.0756606341275161,2472.0,46137.89668774605,50433.42688035965,46137.89668774605,4291.308883905411,1.7162902355194092,0.0
59800,3.5017571,1.2044612,,,,,,,,,,,,,,
59900,3.4047093,1.2078354,,,,,,,,,,,,,,
60000,2.4320424,1.1787188,,,,,,,,,,,,,,
60100,2.4599519,1.2304312,,,,,,,,,,,,,,
60200,6.204088,1.2079672,,,,,,,,,,,,,,
60300,3.426761,1.2282182,,,,,,,,,,,,,,
60400,3.2852583,1.2486483,,,,,,,,,,,,,,
60500,2.735364,1.2343129,,,,,,,,,,,,,,
60600,3.1079981,1.200404,,,,,,,,,,,,,,
60700,3.3381119,1.2371264,,,,,,,,,,,,,,
60800,2.9086206,1.1676847,,,,,,,,,,,,,,
60900,3.0396712,1.1486641,,,,,,,,,,,,,,
61000,2.4958797,1.2193344,,,,,,,,,,,,,,
61100,3.931495,1.2324631,,,,,,,,,,,,,,
61200,4.076834,1.1865436,,,,,,,,,,,,,,
61300,6.312096,1.2226405,,,,,,,,,,,,,,
61400,2.580339,1.171982,,,,,,,,,,,,,,
61500,3.7859561,1.2375458,,,,,,,,,,,,,,
61594,,,0.2476462,0.088401268271465,0.4639465,0.1302123058207903,5348.0,0.24668083,0.0764934088924095,2472.0,47578.454573869705,51999.958248376846,47578.454573869705,4417.13983297348,1.7802565097808838,0.0
61600,2.8336706,1.2373875,,,,,,,,,,,,,,
61700,3.4690201,1.2120718,,,,,,,,,,,,,,
61800,2.2055192,1.1823425,,,,,,,,,,,,,,
61900,5.203998,1.2285414,,,,,,,,,,,,,,
62000,3.2966979,1.2536446,,,,,,,,,,,,,,
62100,2.491868,1.1350085,,,,,,,,,,,,,,
62200,5.4182644,1.1889086,,,,,,,,,,,,,,
62300,11.542288,1.1786115,,,,,,,,,,,,,,
62400,3.2995412,1.1856263,,,,,,,,,,,,,,
62500,2.7274408,1.2423896,,,,,,,,,,,,,,
62600,3.8981903,1.2212706,,,,,,,,,,,,,,
62700,3.39205,1.2420162,,,,,,,,,,,,,,
62800,2.7282414,1.221801,,,,,,,,,,,,,,
62900,6.7511096,1.275013,,,,,,,,,,,,,,
63000,3.0905197,1.1555566,,,,,,,,,,,,,,
63100,4.0414147,1.1447886,,,,,,,,,,,,,,
63200,4.7975416,1.2277013,,,,,,,,,,,,,,
63300,3.786839,1.2133881,,,,,,,,,,,,,,
63400,2.2719934,1.1731339,,,,,,,,,,,,,,
63463,,,0.25672194,0.0892244524553741,0.47428817,0.1320080712899582,5348.0,0.24655648,0.0773058720776714,2472.0,49018.46853423119,53568.37470889092,49018.46853423119,4545.399776697159,1.8445370197296145,0.0
63500,4.117721,1.169555,,,,,,,,,,,,,,
63600,2.6087258,1.1853915,,,,,,,,,,,,,,
63700,4.2110176,1.2026669,,,,,,,,,,,,,,
63800,2.5994275,1.1954106,,,,,,,,,,,,,,
63900,3.046886,1.1451226,,,,,,,,,,,,,,
64000,4.219574,1.234726,,,,,,,,,,,,,,
64100,2.2596138,1.1773599,,,,,,,,,,,,,,
64200,2.6389804,1.1941583,,,,,,,,,,,,,,
64300,2.6149607,1.1812654,,,,,,,,,,,,,,
64400,2.8375912,1.2223275,,,,,,,,,,,,,,
64500,6.4222383,1.4596184,,,,,,,,,,,,,,
64600,3.3467405,1.1891801,,,,,,,,,,,,,,
64700,4.341309,1.2003583,,,,,,,,,,,,,,
64800,3.1929276,1.1794354,,,,,,,,,,,,,,
64900,2.6061678,1.1742973,,,,,,,,,,,,,,
65000,3.428471,1.1653134,,,,,,,,,,,,,,
65100,2.8866696,1.2547559,,,,,,,,,,,,,,
65200,2.0089548,1.1410286,,,,,,,,,,,,,,
65300,2.0659728,1.2029115,,,,,,,,,,,,,,
65319,,,0.22199796,0.0797520568520635,0.4603894,0.1284744682699827,5348.0,0.24269834,0.076696524688725,2472.0,50458.795568704605,55138.09558010101,50458.795568704605,4674.64834022522,1.9134390354156487,0.0
65400,3.4476461,1.2153754,,,,,,,,,,,,,,
65500,3.2743235,1.1728483,,,,,,,,,,,,,,
65600,2.5246866,1.1526834,,,,,,,,,,,,,,
65700,7.3294086,1.2069163,,,,,,,,,,,,,,
65800,4.761177,1.2245169,,,,,,,,,,,,,,
65900,4.0149097,1.2487702,,,,,,,,,,,,,,
66000,3.8044066,1.2215167,,,,,,,,,,,,,,
66100,3.8346922,1.2621577,,,,,,,,,,,,,,
66200,2.6533086,1.2784497,,,,,,,,,,,,,,
66300,5.5297875,1.1881902,,,,,,,,,,,,,,
66400,7.262097,1.2145371,,,,,,,,,,,,,,
66500,2.153453,1.179548,,,,,,,,,,,,,,
66600,3.9726036,1.2125732,,,,,,,,,,,,,,
66700,2.579399,1.178708,,,,,,,,,,,,,,
66800,2.5152848,1.2218164,,,,,,,,,,,,,,
66900,3.6524265,1.1132622,,,,,,,,,,,,,,
67000,3.1817415,1.2335371,,,,,,,,,,,,,,
67100,2.7576375,1.1929218,,,,,,,,,,,,,,
67183,,,0.22319329,0.079212496006572,0.45367876,0.126958687739556,5348.0,0.23858212,0.0740153961773607,2472.0,51898.86444425583,56705.88790154457,51898.86444425583,4802.229880809784,1.977785587310791,0.0
67200,2.6915114,1.1372061,,,,,,,,,,,,,,
67300,4.1705203,1.1845508,,,,,,,,,,,,,,
67400,6.3712482,1.2012285,,,,,,,,,,,,,,
67500,3.8585982,1.1492331,,,,,,,,,,,,,,
67600,3.6113908,1.2323096,,,,,,,,,,,,,,
67700,4.055768,1.1754022,,,,,,,,,,,,,,
67800,2.3062775,1.1628289,,,,,,,,,,,,,,
67900,3.7173424,1.1599483,,,,,,,,,,,,,,
68000,3.1640248,1.1818504,,,,,,,,,,,,,,
68100,4.6132994,1.2150526,,,,,,,,,,,,,,
68200,2.704526,1.2184038,,,,,,,,,,,,,,
68300,2.445893,1.1966052,,,,,,,,,,,,,,
68400,7.7858152,1.1933265,,,,,,,,,,,,,,
68500,3.2785168,1.1823258,,,,,,,,,,,,,,
68600,2.5088475,1.1844816,,,,,,,,,,,,,,
68700,3.219494,1.1986165,,,,,,,,,,,,,,
68800,3.693751,1.2096857,,,,,,,,,,,,,,
68900,3.9603918,1.2525933,,,,,,,,,,,,,,
69000,2.624125,1.225022,,,,,,,,,,,,,,
69027,,,0.21666682,0.0776849082712136,0.450934,0.1255201444336098,5348.0,0.23921128,0.0756403225478845,2472.0,53339.07236790657,58273.21347212792,53339.07236790657,4929.205141782761,2.0395517349243164,0.0
69100,6.4034953,1.1962706,,,,,,,,,,,,,,
69200,4.3453097,1.2078837,,,,,,,,,,,,,,
69300,13.012596,1.6437846,,,,,,,,,,,,,,
69400,3.2494876,1.2299384,,,,,,,,,,,,,,
69500,5.854733,1.2031906,,,,,,,,,,,,,,
69600,3.9525955,1.2076974,,,,,,,,,,,,,,
69700,4.227874,1.20381,,,,,,,,,,,,,,
69800,7.2731094,1.2666478,,,,,,,,,,,,,,
69900,3.9208305,1.205096,,,,,,,,,,,,,,
70000,2.9726713,1.2356192,,,,,,,,,,,,,,
70100,3.3000963,1.2655522,,,,,,,,,,,,,,
70200,5.2451677,1.2062505,,,,,,,,,,,,,,
70300,2.757673,1.1838142,,,,,,,,,,,,,,
70400,3.504068,1.173955,,,,,,,,,,,,,,
70500,20.972223,1.2157841,,,,,,,,,,,,,,
70600,2.769097,1.1785802,,,,,,,,,,,,,,
70700,2.2803135,1.1919014,,,,,,,,,,,,,,
70800,4.673915,1.1814274,,,,,,,,,,,,,,
70900,3.880466,1.2039901,,,,,,,,,,,,,,
70901,,,0.23630764,0.0832854125269732,0.46036753,0.1280496635353408,5348.0,0.24350107,0.0764121625738833,2472.0,54778.97513747215,59840.12983202934,54778.97513747215,5056.074052095413,2.104912757873535,0.0
71000,5.1518464,1.1747597,,,,,,,,,,,,,,
71100,3.8925343,1.2090994,,,,,,,,,,,,,,
71200,2.2163417,1.2312839,,,,,,,,,,,,,,
71300,2.0010893,1.204406,,,,,,,,,,,,,,
71400,6.979161,1.2125509,,,,,,,,,,,,,,
71500,3.2248073,1.1463349,,,,,,,,,,,,,,
71600,3.611942,1.2163603,,,,,,,,,,,,,,
71700,2.5324814,1.1748723,,,,,,,,,,,,,,
71800,3.8985364,1.2638644,,,,,,,,,,,,,,
71900,2.5058718,1.1795298,,,,,,,,,,,,,,
72000,5.569193,1.1686965,,,,,,,,,,,,,,
72100,3.9684258,1.215642,,,,,,,,,,,,,,
72200,20.670662,1.1048384,,,,,,,,,,,,,,
72300,4.110188,1.2484367,,,,,,,,,,,,,,
72400,3.2167404,1.1899239,,,,,,,,,,,,,,
72500,4.533709,1.235565,,,,,,,,,,,,,,
72600,2.9917185,1.1660306,,,,,,,,,,,,,,
72700,6.6328697,1.2021226,,,,,,,,,,,,,,
72771,,,0.22336523,0.0798059077390934,0.45718184,0.1278372611680199,5348.0,0.23801984,0.0753762720126744,2472.0,56218.9737496376,61408.84438848496,56218.9737496376,5184.65048623085,2.1650421619415283,0.0
72800,4.3232183,1.1866921,,,,,,,,,,,,,,
72900,3.3846033,1.1173208,,,,,,,,,,,,,,
73000,4.1112924,1.1667833,,,,,,,,,,,,,,
73100,3.0078206,1.2036724,,,,,,,,,,,,,,
73200,7.2006035,1.1635027,,,,,,,,,,,,,,
73300,3.397761,1.23144,,,,,,,,,,,,,,
73400,6.0123444,1.2388608,,,,,,,,,,,,,,
73500,6.3814845,1.5951447,,,,,,,,,,,,,,
73600,6.590223,1.4202844,,,,,,,,,,,,,,
73700,3.6083386,1.3265274,,,,,,,,,,,,,,
73800,4.986733,1.2694618,,,,,,,,,,,,,,
73900,6.978593,1.1934925,,,,,,,,,,,,,,
74000,2.6317043,1.174881,,,,,,,,,,,,,,
74100,4.1521626,1.2056148,,,,,,,,,,,,,,
74200,3.6632938,1.2408473,,,,,,,,,,,,,,
74300,2.715372,1.2183268,,,,,,,,,,,,,,
74400,3.2574117,1.2402238,,,,,,,,,,,,,,
74500,2.59249,1.1585886,,,,,,,,,,,,,,
74600,3.7137363,1.2076502,,,,,,,,,,,,,,
74646,,,0.22737284,0.0824579657527423,0.4543518,0.1271614354538169,5348.0,0.24076833,0.0749091056811488,2472.0,57658.88169360161,62976.79311394692,57658.88169360161,5312.555074453354,2.223072052001953,0.0
74700,3.9770854,1.147051,,,,,,,,,,,,,,
74800,2.649814,1.1812346,,,,,,,,,,,,,,
74900,3.875387,1.1686091,,,,,,,,,,,,,,
75000,4.792847,1.2230872,,,,,,,,,,,,,,
75100,3.7679858,1.1634347,,,,,,,,,,,,,,
75200,6.669165,1.1583774,,,,,,,,,,,,,,
75300,3.7548587,1.1890078,,,,,,,,,,,,,,
75400,2.5062068,1.194479,,,,,,,,,,,,,,
75500,3.8328295,1.1799814,,,,,,,,,,,,,,
75600,4.175682,1.1434543,,,,,,,,,,,,,,
75700,4.0630245,1.179704,,,,,,,,,,,,,,
75800,25.640743,1.2237482,,,,,,,,,,,,,,
75900,5.1585045,1.179439,,,,,,,,,,,,,,
76000,5.3820825,1.191315,,,,,,,,,,,,,,
76100,2.5882719,1.1587932,,,,,,,,,,,,,,
76200,3.7346623,1.1302439,,,,,,,,,,,,,,
76300,3.0972528,1.227083,,,,,,,,,,,,,,
76400,2.4255607,1.2022156,,,,,,,,,,,,,,
76500,5.2370014,1.1658636,,,,,,,,,,,,,,
76520,,,0.20092893,0.0724757311743454,0.45377588,0.1259256398621315,5348.0,0.24013264,0.074584120407044,2472.0,59098.98263525963,64543.2999587059,59098.98263525963,5438.827244758606,2.2797093391418457,0.0
76600,3.8709269,1.1936891,,,,,,,,,,,,,,
76700,2.994687,1.1648957,,,,,,,,,,,,,,
76800,5.4225454,1.1785963,,,,,,,,,,,,,,
76900,4.4114604,1.2159795,,,,,,,,,,,,,,
77000,3.0107265,1.1913639,,,,,,,,,,,,,,
77100,2.1764834,1.161346,,,,,,,,,,,,,,
77200,12.056852,1.181625,,,,,,,,,,,,,,
77300,3.3579547,1.2059458,,,,,,,,,,,,,,
77400,2.3382123,1.2054429,,,,,,,,,,,,,,
77500,3.184037,1.1843805,,,,,,,,,,,,,,
77600,2.845752,1.1646029,,,,,,,,,,,,,,
77700,4.507046,1.2026216,,,,,,,,,,,,,,
77800,4.6849694,1.1549333,,,,,,,,,,,,,,
77900,2.6861274,1.2165977,,,,,,,,,,,,,,
78000,2.478002,1.2295862,,,,,,,,,,,,,,
78100,2.286419,1.1395648,,,,,,,,,,,,,,
78200,2.7842646,1.2150544,,,,,,,,,,,,,,
78300,3.432963,1.1659224,,,,,,,,,,,,,,
78366,,,0.19421996,0.0690444229211624,0.46098733,0.1268911051681358,5348.0,0.2422206,0.0752544025348851,2472.0,60539.31876850128,66112.12004685402,60539.31876850128,5567.170495033264,2.3439362049102783,0.0
78400,3.411963,1.1366131,,,,,,,,,,,,,,
78500,6.3840947,1.2283416,,,,,,,,,,,,,,
78600,2.10072,1.1644651,,,,,,,,,,,,,,
78700,2.9819102,1.215102,,,,,,,,,,,,,,
78800,5.930653,1.1964234,,,,,,,,,,,,,,
78900,2.9746616,1.1731536,,,,,,,,,,,,,,
79000,2.3064978,1.1586245,,,,,,,,,,,,,,
79100,5.098456,1.1818792,,,,,,,,,,,,,,
79200,2.500476,1.1223725,,,,,,,,,,,,,,
79300,3.861327,1.1961509,,,,,,,,,,,,,,
79400,4.400369,1.2098957,,,,,,,,,,,,,,
79500,3.7361364,1.137466,,,,,,,,,,,,,,
79600,5.0646043,1.167046,,,,,,,,,,,,,,
79700,4.3321495,1.1820326,,,,,,,,,,,,,,
79800,6.287753,1.1836369,,,,,,,,,,,,,,
79900,5.76953,1.261984,,,,,,,,,,,,,,
80000,3.8508813,1.1538749,,,,,,,,,,,,,,
80100,5.5022507,1.2088323,,,,,,,,,,,,,,
80200,2.7079422,1.1239871,,,,,,,,,,,,,,
80236,,,0.22825186,0.082244826535105,0.4452931,0.1249312105969472,5348.0,0.23442513,0.0735482298458351,2472.0,61979.54357600212,67680.52646493912,61979.54357600212,5695.217718839645,2.399738311767578,0.0
80300,3.5873802,1.1632316,,,,,,,,,,,,,,
80400,4.706882,1.2530742,,,,,,,,,,,,,,
80500,2.824972,1.228364,,,,,,,,,,,,,,
80600,2.66321,1.1908778,,,,,,,,,,,,,,
80700,4.5972567,1.2007068,,,,,,,,,,,,,,
80800,4.6472077,1.1981604,,,,,,,,,,,,,,
80900,2.3661299,1.1955239,,,,,,,,,,,,,,
81000,2.8071659,1.2445484,,,,,,,,,,,,,,
81100,5.8923426,1.1883497,,,,,,,,,,,,,,
81200,2.1556525,1.2543805,,,,,,,,,,,,,,
81300,5.8319445,1.2152739,,,,,,,,,,,,,,
81400,4.360862,1.18004,,,,,,,,,,,,,,
81500,3.8931963,1.1384912,,,,,,,,,,,,,,
81600,3.0976148,1.1593686,,,,,,,,,,,,,,
81700,4.44502,1.1984315,,,,,,,,,,,,,,
81800,3.8943434,1.177871,,,,,,,,,,,,,,
81900,2.3986144,1.1317421,,,,,,,,,,,,,,
82000,3.0596926,1.188447,,,,,,,,,,,,,,
82091,,,0.21782224,0.0765358361774744,0.45073426,0.1256456549233903,5348.0,0.2372175,0.0751325330570958,2472.0,63420.00902557373,69248.38648438454,63420.00902557373,5822.464682102203,2.467360019683838,0.0
82100,3.2241673,1.1741514,,,,,,,,,,,,,,
82200,2.4905307,1.2079664,,,,,,,,,,,,,,
82300,3.1814601,1.1153123,,,,,,,,,,,,,,
82400,3.8693285,1.1645389,,,,,,,,,,,,,,
82500,3.7378283,1.218346,,,,,,,,,,,,,,
82600,4.0141587,1.1137793,,,,,,,,,,,,,,
82700,3.5620892,1.257564,,,,,,,,,,,,,,
82800,2.304391,1.2145611,,,,,,,,,,,,,,
82900,2.3069963,1.1572382,,,,,,,,,,,,,,
83000,3.4214127,1.2166249,,,,,,,,,,,,,,
83100,3.0716133,1.1439459,,,,,,,,,,,,,,
83200,3.0383394,1.1710635,,,,,,,,,,,,,,
83300,2.6267402,1.1955966,,,,,,,,,,,,,,
83400,4.3405876,1.2282095,,,,,,,,,,,,,,
83500,3.3646986,1.1717948,,,,,,,,,,,,,,
83600,4.1833987,1.2151307,,,,,,,,,,,,,,
83700,2.5508595,1.1407727,,,,,,,,,,,,,,
83800,3.5108228,1.1595371,,,,,,,,,,,,,,
83900,2.1047208,1.1835558,,,,,,,,,,,,,,
83955,,,0.20862813,0.0738397653780893,0.4438347,0.1240816011276634,5348.0,0.23378433,0.0728170129790993,2472.0,64859.91531014442,70819.28203630447,64859.91531014442,5953.306419849396,2.533621072769165,0.0
84000,2.0349035,1.1921391,,,,,,,,,,,,,,
84100,2.8517342,1.1783476,,,,,,,,,,,,,,
84200,3.995439,1.1944911,,,,,,,,,,,,,,
84300,3.8151448,1.0884299,,,,,,,,,,,,,,
84400,2.2797713,1.1652044,,,,,,,,,,,,,,
84500,2.5688856,1.1720637,,,,,,,,,,,,,,
84600,3.184184,1.1968273,,,,,,,,,,,,,,
84700,4.0877566,1.1749504,,,,,,,,,,,,,,
84800,4.698705,1.2053543,,,,,,,,,,,,,,
84900,3.834858,1.2296007,,,,,,,,,,,,,,
85000,2.3972676,1.1576895,,,,,,,,,,,,,,
85100,4.7741737,1.1205778,,,,,,,,,,,,,,
85200,2.281364,1.0954113,,,,,,,,,,,,,,
85300,2.0733392,1.1688441,,,,,,,,,,,,,,
85400,3.1082044,1.192412,,,,,,,,,,,,,,
85500,2.6054978,1.2044846,,,,,,,,,,,,,,
85600,3.3443522,1.1257342,,,,,,,,,,,,,,
85700,4.535842,1.1688617,,,,,,,,,,,,,,
85800,2.9780877,1.2050465,,,,,,,,,,,,,,
85823,,,0.19975314,0.0732170457054537,0.4475878,0.1241588383521438,5348.0,0.23704483,0.0732638677309934,2472.0,66300.22666025162,72388.91081738472,66300.22666025162,6082.48472237587,2.593308687210083,0.0
85900,2.675257,1.1381811,,,,,,,,,,,,,,
86000,3.3324726,1.1604244,,,,,,,,,,,,,,
86100,4.112782,1.1822581,,,,,,,,,,,,,,
86200,2.9619193,1.139986,,,,,,,,,,,,,,
86300,9.596352,1.1640887,,,,,,,,,,,,,,
86400,4.76979,1.1745772,,,,,,,,,,,,,,
86500,2.8546283,1.2146384,,,,,,,,,,,,,,
86600,4.962036,1.1665797,,,,,,,,,,,,,,
86700,2.8748732,1.1676408,,,,,,,,,,,,,,
86800,3.3630285,1.1669447,,,,,,,,,,,,,,
86900,4.1966496,1.2300276,,,,,,,,,,,,,,
87000,3.048339,1.1247399,,,,,,,,,,,,,,
87100,5.637184,1.1526684,,,,,,,,,,,,,,
87200,3.8905914,1.2000021,,,,,,,,,,,,,,
87300,2.361081,1.2074645,,,,,,,,,,,,,,
87400,2.7250323,1.210164,,,,,,,,,,,,,,
87500,3.805839,1.1700805,,,,,,,,,,,,,,
87600,2.5922165,1.207775,,,,,,,,,,,,,,
87680,,,0.34402105,0.1199721048718495,0.5711566,0.159601069735559,5348.0,0.30419436,0.0938394978977515,2472.0,67740.42378211021,73956.7081656456,67740.42378211021,6209.947401046753,2.651794195175171,0.0
87700,4.3640156,1.3151716,,,,,,,,,,,,,,
87800,4.4005156,1.2422916,,,,,,,,,,,,,,
87900,3.8173447,1.1973311,,,,,,,,,,,,,,
88000,3.5303538,1.1676856,,,,,,,,,,,,,,
88100,4.20411,1.1361014,,,,,,,,,,,,,,
88200,3.4689329,1.2062585,,,,,,,,,,,,,,
88300,2.718856,1.0878195,,,,,,,,,,,,,,
88400,3.2177274,1.1589072,,,,,,,,,,,,,,
88500,4.1656194,1.184831,,,,,,,,,,,,,,
88600,2.6712182,1.1544101,,,,,,,,,,,,,,
88700,2.5014942,1.178021,,,,,,,,,,,,,,
88800,4.386983,1.2551591,,,,,,,,,,,,,,
88900,2.9141865,1.179374,,,,,,,,,,,,,,
89000,5.2807965,1.1944361,,,,,,,,,,,,,,
89100,5.2809544,1.1558212,,,,,,,,,,,,,,
89200,4.13356,1.2339673,,,,,,,,,,,,,,
89300,3.388341,1.1647122,,,,,,,,,,,,,,
89400,4.401852,1.1396314,,,,,,,,,,,,,,
89500,3.6115084,1.0625247,,,,,,,,,,,,,,
89543,,,0.19286707,0.0701701277471695,0.44695392,0.1231933730461395,5348.0,0.23697184,0.0738529035403083,2472.0,69180.56395220757,75524.80392456055,69180.56395220757,6337.76197052002,2.7129218578338623,0.0
89600,2.427914,1.2298024,,,,,,,,,,,,,,
89700,3.911709,1.188224,,,,,,,,,,,,,,
89800,3.1344783,1.1770191,,,,,,,,,,,,,,
89900,2.7281315,1.1394066,,,,,,,,,,,,,,
90000,3.6193883,1.1747427,,,,,,,,,,,,,,
90100,2.6201985,1.2025136,,,,,,,,,,,,,,
90200,3.8475013,1.1844735,,,,,,,,,,,,,,
90300,4.612825,1.1406242,,,,,,,,,,,,,,
90400,2.4148035,1.0946577,,,,,,,,,,,,,,
90500,6.4199505,1.1246501,,,,,,,,,,,,,,
90600,4.3630943,1.174952,,,,,,,,,,,,,,
90700,4.024621,1.1778936,,,,,,,,,,,,,,
90800,1.9917184,1.1517895,,,,,,,,,,,,,,
90900,3.751569,1.1789833,,,,,,,,,,,,,,
91000,4.4932523,1.2196894,,,,,,,,,,,,,,
91100,2.990754,1.2080058,,,,,,,,,,,,,,
91200,2.5400338,1.1398127,,,,,,,,,,,,,,
91300,3.9428253,1.1583189,,,,,,,,,,,,,,
91400,3.6262393,1.1457503,,,,,,,,,,,,,,
91416,,,0.122170225,0.0465694609760244,0.44703305,0.1238595441072825,5348.0,0.23942359,0.0735685414254666,2472.0,70620.43056750298,77112.03188586235,70620.43056750298,6484.979990005493,2.776970863342285,0.0
91500,4.9933133,1.2887431,,,,,,,,,,,,,,
91600,3.4977007,1.1662692,,,,,,,,,,,,,,
91700,2.7740364,1.1217543,,,,,,,,,,,,,,
91800,4.5522923,1.2033569,,,,,,,,,,,,,,
91900,4.3164077,1.1707588,,,,,,,,,,,,,,
92000,11.676247,1.1520555,,,,,,,,,,,,,,
92100,4.487612,1.0751683,,,,,,,,,,,,,,
92200,2.587494,1.1616509,,,,,,,,,,,,,,
92300,8.254931,1.1559399,,,,,,,,,,,,,,
92400,2.7618077,1.2180742,,,,,,,,,,,,,,
92500,3.1429558,1.1832814,,,,,,,,,,,,,,
92600,3.1967895,1.1816556,,,,,,,,,,,,,,
92700,4.19186,1.1480893,,,,,,,,,,,,,,
92800,5.3520203,1.129082,,,,,,,,,,,,,,
92900,5.4265914,1.1863315,,,,,,,,,,,,,,
93000,6.5579023,1.1676595,,,,,,,,,,,,,,
93100,3.1072006,1.1807127,,,,,,,,,,,,,,
93200,3.816141,1.1706452,,,,,,,,,,,,,,
93276,,,0.122514434,0.0460588177232418,0.45763353,0.1243905500255848,5348.0,0.23797336,0.073731034062519,2472.0,72061.06102776527,78682.55162096024,72061.06102776527,6614.734333515167,2.835379123687744,0.0
93300,2.8699028,1.1299512,,,,,,,,,,,,,,
93400,3.263747,1.172981,,,,,,,,,,,,,,
93500,2.843259,1.1971359,,,,,,,,,,,,,,
93600,2.9338734,1.1856719,,,,,,,,,,,,,,
93700,2.7935379,1.1282604,,,,,,,,,,,,,,
93800,2.5330994,1.1911954,,,,,,,,,,,,,,
93900,3.0982735,1.1831915,,,,,,,,,,,,,,
94000,5.9017377,1.1357375,,,,,,,,,,,,,,
94100,3.0873828,1.1538672,,,,,,,,,,,,,,
94200,2.872761,1.1705642,,,,,,,,,,,,,,
94300,3.0234025,1.12916,,,,,,,,,,,,,,
94400,2.4289234,1.1745493,,,,,,,,,,,,,,
94500,4.7507153,1.2050436,,,,,,,,,,,,,,
94600,2.8271515,1.0962459,,,,,,,,,,,,,,
94700,5.532736,1.1956948,,,,,,,,,,,,,,
94800,3.2177243,1.2207136,,,,,,,,,,,,,,
94900,6.021824,1.1409239,,,,,,,,,,,,,,
95000,2.7671323,1.1589551,,,,,,,,,,,,,,
95100,3.6905966,1.2238803,,,,,,,,,,,,,,
95116,,,0.13119534,0.0487327889214831,0.44713843,0.1242553848827442,5348.0,0.23686637,0.0739747730180976,2472.0,73501.51999282837,80252.35337090492,73501.51999282837,6743.927088022232,2.9063141345977783,0.0
95200,2.7308562,1.169996,,,,,,,,,,,,,,
95300,7.215853,1.3533201,,,,,,,,,,,,,,
95400,3.6702187,1.2650229,,,,,,,,,,,,,,
95500,4.816748,1.1656559,,,,,,,,,,,,,,
95600,3.024758,1.1980643,,,,,,,,,,,,,,
95700,4.9451485,1.150667,,,,,,,,,,,,,,
95800,2.7731812,1.1435823,,,,,,,,,,,,,,
95900,5.1841173,1.2045747,,,,,,,,,,,,,,
96000,2.661528,1.2016531,,,,,,,,,,,,,,
96100,2.7699564,1.1331981,,,,,,,,,,,,,,
96200,3.094448,1.1766192,,,,,,,,,,,,,,
96300,2.6391146,1.1927214,,,,,,,,,,,,,,
96400,3.6085808,1.158072,,,,,,,,,,,,,,
96500,4.327575,1.1899112,,,,,,,,,,,,,,
96600,4.6328964,1.1107324,,,,,,,,,,,,,,
96700,2.8137536,1.1284461,,,,,,,,,,,,,,
96800,4.333127,1.1564393,,,,,,,,,,,,,,
96900,3.8356178,1.1372757,,,,,,,,,,,,,,
96940,,,0.11790047,0.0446197512313214,0.4438647,0.1220541239850546,5348.0,0.23637283,0.0730607519346779,2472.0,74941.88554501534,81822.16200351715,74941.88554501534,6873.234308481216,2.9673960208892822,0.0
97000,4.732535,1.1461757,,,,,,,,,,,,,,
97100,2.7186852,1.1832407,,,,,,,,,,,,,,
97200,3.946257,1.1468619,,,,,,,,,,,,,,
97300,5.1523733,1.1687428,,,,,,,,,,,,,,
97400,3.6059687,1.2534076,,,,,,,,,,,,,,
97500,2.773312,1.100411,,,,,,,,,,,,,,
97600,3.729346,1.1061996,,,,,,,,,,,,,,
97700,6.326035,1.1074063,,,,,,,,,,,,,,
97800,2.6948843,1.1151167,,,,,,,,,,,,,,
97900,2.702273,1.1919199,,,,,,,,,,,,,,
98000,3.9815145,1.1023927,,,,,,,,,,,,,,
98100,3.217939,1.1999646,,,,,,,,,,,,,,
98200,4.865192,1.1292658,,,,,,,,,,,,,,
98300,3.6803427,1.1376297,,,,,,,,,,,,,,
98400,3.1611834,1.1549215,,,,,,,,,,,,,,
98500,3.637252,1.1818974,,,,,,,,,,,,,,
98600,2.7796144,1.1260446,,,,,,,,,,,,,,
98700,2.9401069,1.1432784,,,,,,,,,,,,,,
98786,,,0.12605026,0.047534000458493,0.44241533,0.1216582832095928,5348.0,0.23098524,0.0710905287104178,2472.0,76382.71785092354,83393.54165172577,76382.71785092354,7003.645579814911,3.0271565914154053,0.0
98800,4.155147,1.1050501,,,,,,,,,,,,,,
98900,3.0396843,1.1502533,,,,,,,,,,,,,,
99000,2.6890664,1.1272631,,,,,,,,,,,,,,
99100,5.227038,1.1625851,,,,,,,,,,,,,,
99200,2.4441028,1.1637683,,,,,,,,,,,,,,
99300,3.6400514,1.1419524,,,,,,,,,,,,,,
99400,3.3084123,1.1481757,,,,,,,,,,,,,,
99500,4.648112,1.1083305,,,,,,,,,,,,,,
99600,3.1987689,1.1271561,,,,,,,,,,,,,,
99700,2.6357367,1.1952885,,,,,,,,,,,,,,
99800,3.12036,1.1496,,,,,,,,,,,,,,
99900,2.809387,1.1814202,,,,,,,,,,,,,,
100000,2.1953514,1.1593264,,,,,,,,,,,,,,
100100,3.0858102,1.0854882,,,,,,,,,,,,,,
100200,2.9077702,1.0877941,,,,,,,,,,,,,,
100300,5.4887724,1.1826817,,,,,,,,,,,,,,
100400,2.0693586,1.1737474,,,,,,,,,,,,,,
100500,2.2631266,1.2522836,,,,,,,,,,,,,,
100600,2.4059644,1.1619072,,,,,,,,,,,,,,
100605,,,0.11577033,0.0445681558336093,0.43546003,0.1209148749239696,5348.0,0.23080862,0.0716592529401011,2472.0,77822.6481769085,84962.96823191643,77822.6481769085,7132.99836564064,3.094040632247925,0.0
100700,6.4640594,1.1524162,,,,,,,,,,,,,,
100800,7.2090864,1.116941,,,,,,,,,,,,,,
100900,3.1838644,1.1737926,,,,,,,,,,,,,,
101000,3.964855,1.1849769,,,,,,,,,,,,,,
101100,3.1275506,1.1903795,,,,,,,,,,,,,,
101200,9.104724,1.1228535,,,,,,,,,,,,,,
101300,2.732072,1.1571031,,,,,,,,,,,,,,
101400,4.623288,1.15741,,,,,,,,,,,,,,
101500,5.36908,1.1053728,,,,,,,,,,,,,,
101600,5.801242,1.1486565,,,,,,,,,,,,,,
101700,3.6346495,1.2470499,,,,,,,,,,,,,,
101800,3.1520815,1.1297119,,,,,,,,,,,,,,
101900,4.4621553,1.1421155,,,,,,,,,,,,,,
102000,4.219567,1.138718,,,,,,,,,,,,,,
102100,3.805909,1.14841,,,,,,,,,,,,,,
102200,2.8904068,1.1837373,,,,,,,,,,,,,,
102300,3.1684892,1.1895909,,,,,,,,,,,,,,
102400,3.698074,1.1834021,,,,,,,,,,,,,,
102440,,,0.14652964,0.0511685552407932,0.4424483,0.1231161358216592,5348.0,0.23518455,0.0727967013994678,2472.0,79263.04815077782,86533.05136442184,79263.04815077782,7262.535259723663,3.1617319583892822,0.0
102500,6.837458,1.1873972,,,,,,,,,,,,,,
102600,3.3582118,1.0984623,,,,,,,,,,,,,,
102700,3.6676142,1.1582154,,,,,,,,,,,,,,
102800,4.4562163,1.1001842,,,,,,,,,,,,,,
102900,9.602472,1.1078639,,,,,,,,,,,,,,
103000,2.5973856,1.129855,,,,,,,,,,,,,,
103100,8.99247,1.1436139,,,,,,,,,,,,,,
103200,2.5795624,1.1729338,,,,,,,,,,,,,,
103300,3.916069,1.1123207,,,,,,,,,,,,,,
103400,2.8998928,1.0994655,,,,,,,,,,,,,,
103500,2.5008395,1.1251745,,,,,,,,,,,,,,
103600,4.487689,1.1352895,,,,,,,,,,,,,,
103700,3.189359,1.1363012,,,,,,,,,,,,,,
103800,2.9049966,1.1425657,,,,,,,,,,,,,,
103900,6.576607,1.1628613,,,,,,,,,,,,,,
104000,16.419546,1.1569967,,,,,,,,,,,,,,
104100,5.659563,1.1815766,,,,,,,,,,,,,,
104200,3.1563888,1.193138,,,,,,,,,,,,,,
104279,,,0.13244803,0.050137828668363,0.45022312,0.1250856850459078,5348.0,0.23724942,0.073507606686572,2472.0,80703.14354133606,88102.9122068882,80703.14354133606,7392.156962394714,3.2268664836883545,0.0
104300,6.176065,1.1536275,,,,,,,,,,,,,,
104400,5.0535355,1.1947111,,,,,,,,,,,,,,
104500,5.216218,1.1214137,,,,,,,,,,,,,,
104600,7.2700286,1.1478765,,,,,,,,,,,,,,
104700,4.174881,1.1683599,,,,,,,,,,,,,,
104800,3.4585214,1.193266,,,,,,,,,,,,,,
104900,2.0214283,1.2110614,,,,,,,,,,,,,,
105000,3.4936867,1.1911172,,,,,,,,,,,,,,
105100,3.7342894,1.1809698,,,,,,,,,,,,,,
105200,4.2589803,1.141773,,,,,,,,,,,,,,
105300,3.699714,1.1084365,,,,,,,,,,,,,,
105400,3.3698573,1.1517057,,,,,,,,,,,,,,
105500,2.249701,1.1320007,,,,,,,,,,,,,,
105600,3.039084,1.153856,,,,,,,,,,,,,,
105700,3.5437267,1.1888223,,,,,,,,,,,,,,
105800,2.9444795,1.1342129,,,,,,,,,,,,,,
105900,3.8800383,1.1892592,,,,,,,,,,,,,,
106000,5.445718,1.1861758,,,,,,,,,,,,,,
106091,,,0.10873235,0.0421125716493177,0.43943468,0.1206928179035886,5348.0,0.23198588,0.0729795056161517,2472.0,82146.74869322777,89675.82256317139,82146.74869322777,7521.324021577835,3.289858102798462,0.0
106100,3.0147803,1.1653597,,,,,,,,,,,,,,
106200,4.4765277,1.2170068,,,,,,,,,,,,,,
106300,6.994922,1.1901454,,,,,,,,,,,,,,
106400,5.5915565,1.1596128,,,,,,,,,,,,,,
106500,2.8524716,1.1477625,,,,,,,,,,,,,,
106600,4.188654,1.1315964,,,,,,,,,,,,,,
106700,3.1707506,1.2079519,,,,,,,,,,,,,,
106800,12.382225,1.1814144,,,,,,,,,,,,,,
106900,3.4516149,1.1950357,,,,,,,,,,,,,,
107000,2.688403,1.1726557,,,,,,,,,,,,,,
107100,5.9098277,1.1273227,,,,,,,,,,,,,,
107200,3.2754467,1.1576668,,,,,,,,,,,,,,
107300,5.970037,1.1724375,,,,,,,,,,,,,,
107400,3.112345,1.1053253,,,,,,,,,,,,,,
107500,2.8485966,1.1346307,,,,,,,,,,,,,,
107600,3.3217757,1.151819,,,,,,,,,,,,,,
107700,3.50569,1.1187816,,,,,,,,,,,,,,
107800,4.2106037,1.2096187,,,,,,,,,,,,,,
107900,3.8051467,1.1081221,,,,,,,,,,,,,,
107940,,,0.11313385,0.042791735149096,0.43766662,0.1211176226382304,5348.0,0.23231995,0.0710295939715231,2472.0,83587.03230762482,91246.43913006784,83587.03230762482,7651.518596172333,3.349579095840454,0.0
108000,3.2644434,1.1676974,,,,,,,,,,,,,,
108100,3.3800597,1.1194679,,,,,,,,,,,,,,
108200,2.4354315,1.2014734,,,,,,,,,,,,,,
108300,2.5040584,1.1823473,,,,,,,,,,,,,,
108400,3.4172873,1.1485823,,,,,,,,,,,,,,
108500,2.5705924,1.2049412,,,,,,,,,,,,,,
108600,5.341895,1.1427985,,,,,,,,,,,,,,
108700,3.3220086,1.0859364,,,,,,,,,,,,,,
108800,4.6305747,1.1648935,,,,,,,,,,,,,,
108900,2.5561583,1.1291609,,,,,,,,,,,,,,
109000,4.30561,1.1076776,,,,,,,,,,,,,,
109100,4.1457596,1.1488274,,,,,,,,,,,,,,
109200,4.779587,1.075577,,,,,,,,,,,,,,
109300,4.2633753,1.1198732,,,,,,,,,,,,,,
109400,4.608758,1.2028112,,,,,,,,,,,,,,
109500,5.0385957,1.1709015,,,,,,,,,,,,,,
109600,3.6479936,1.1303738,,,,,,,,,,,,,,
109700,2.7270875,1.144537,,,,,,,,,,,,,,
109772,,,0.10933573,0.0427348125807841,0.44401255,0.1207604004750089,5348.0,0.23624039,0.0712530213474701,2472.0,85027.10446286201,92816.0462152958,85027.10446286201,7780.912022590637,3.4134769439697266,0.0
109800,3.5090818,1.1402899,,,,,,,,,,,,,,
109900,3.253904,1.0997584,,,,,,,,,,,,,,
110000,2.3455005,1.1269836,,,,,,,,,,,,,,
110100,5.1207557,1.148158,,,,,,,,,,,,,,
110200,8.462575,1.1463343,,,,,,,,,,,,,,
110300,14.2716055,1.1679778,,,,,,,,,,,,,,
110400,3.550236,1.1529986,,,,,,,,,,,,,,
110500,4.29392,1.1857433,,,,,,,,,,,,,,
110600,4.7934103,1.217728,,,,,,,,,,,,,,
110700,6.2874227,1.1585243,,,,,,,,,,,,,,
110800,4.2837105,1.1630872,,,,,,,,,,,,,,
110900,3.3579261,1.1505086,,,,,,,,,,,,,,
111000,6.59795,1.0757215,,,,,,,,,,,,,,
111100,2.5583124,1.1356298,,,,,,,,,,,,,,
111200,7.390927,1.264743,,,,,,,,,,,,,,
111300,3.6080563,1.1403542,,,,,,,,,,,,,,
111400,3.3155227,1.1140449,,,,,,,,,,,,,,
111500,3.931962,1.1217165,,,,,,,,,,,,,,
111598,,,0.12683885,0.0468193357640593,0.43820664,0.1218031030054935,5348.0,0.23125811,0.0713748908252594,2472.0,86467.59927368164,94387.367654562,86467.59927368164,7911.591660499573,3.4825243949890137,0.0
111600,5.0738487,1.127568,,,,,,,,,,,,,,
111700,3.3461432,1.2088416,,,,,,,,,,,,,,
111800,6.5051575,1.2210977,,,,,,,,,,,,,,
111900,4.1248035,1.1360233,,,,,,,,,,,,,,
112000,2.7999046,1.1484745,,,,,,,,,,,,,,
112100,2.9509413,1.1266774,,,,,,,,,,,,,,
112200,4.600551,1.1667817,,,,,,,,,,,,,,
112300,2.5421023,1.0686547,,,,,,,,,,,,,,
112400,2.6693716,1.1726389,,,,,,,,,,,,,,
112500,2.0923562,1.0999845,,,,,,,,,,,,,,
112600,2.9022794,1.1983141,,,,,,,,,,,,,,
112700,4.689236,1.0984322,,,,,,,,,,,,,,
112800,3.6584895,1.132738,,,,,,,,,,,,,,
112900,4.9467998,1.163196,,,,,,,,,,,,,,
113000,6.8206334,1.2211171,,,,,,,,,,,,,,
113100,4.0061345,1.1358616,,,,,,,,,,,,,,
113200,3.5197682,1.2025584,,,,,,,,,,,,,,
113300,3.501903,1.1350254,,,,,,,,,,,,,,
113400,3.179739,1.1635582,,,,,,,,,,,,,,
113420,,,0.12619844,0.047279177312752,0.44802374,0.1215617366789924,5348.0,0.2349465,0.073101375093941,2472.0,87907.5552546978,95957.40106368063,87907.5552546978,8041.53101682663,3.545137882232666,0.0
113500,3.7638881,1.158625,,,,,,,,,,,,,,
113600,4.3099213,1.1670494,,,,,,,,,,,,,,
113700,2.8169866,1.0959567,,,,,,,,,,,,,,
113800,2.514806,1.1684619,,,,,,,,,,,,,,
113900,4.9641366,1.1345406,,,,,,,,,,,,,,
114000,4.494637,1.1894886,,,,,,,,,,,,,,
114100,4.259616,1.1843449,,,,,,,,,,,,,,
114200,6.9619126,1.1547419,,,,,,,,,,,,,,
114300,3.5711107,1.1624364,,,,,,,,,,,,,,
114400,4.750205,1.079089,,,,,,,,,,,,,,
114500,3.6922264,1.1749755,,,,,,,,,,,,,,
114600,2.2860763,1.1632699,,,,,,,,,,,,,,
114700,2.651203,1.1338552,,,,,,,,,,,,,,
114800,6.3417726,1.0918719,,,,,,,,,,,,,,
114900,2.7597785,1.1580063,,,,,,,,,,,,,,
115000,2.7108655,1.1610565,,,,,,,,,,,,,,
115100,3.3023195,1.151701,,,,,,,,,,,,,,
115200,4.30916,1.1636235,,,,,,,,,,,,,,
115258,,,0.119507216,0.0464601426598457,0.43974105,0.1199880282302055,5348.0,0.23092508,0.0710702171307862,2472.0,89347.85101151466,97527.14855360983,89347.85101151466,8170.845977306366,3.605135917663574,0.0
115300,3.1079571,1.1629641,,,,,,,,,,,,,,
115400,3.0279825,1.200741,,,,,,,,,,,,,,
115500,3.661492,1.1457456,,,,,,,,,,,,,,
115600,2.6805246,1.1395372,,,,,,,,,,,,,,
115700,6.74452,1.1114403,,,,,,,,,,,,,,
115800,3.0558815,1.1675351,,,,,,,,,,,,,,
115900,4.7684765,1.1585046,,,,,,,,,,,,,,
116000,4.013745,1.1650748,,,,,,,,,,,,,,
116100,2.157633,1.1853077,,,,,,,,,,,,,,
116200,2.591122,1.1625395,,,,,,,,,,,,,,
116300,3.4853926,1.1421381,,,,,,,,,,,,,,
116400,4.5512652,1.1544688,,,,,,,,,,,,,,
116500,4.119212,1.1189942,,,,,,,,,,,,,,
116600,6.3331223,1.0956949,,,,,,,,,,,,,,
116700,4.930349,1.0645974,,,,,,,,,,,,,,
116800,2.2234788,1.1098129,,,,,,,,,,,,,,
116900,4.1313214,1.1671,,,,,,,,,,,,,,
117000,7.58671,1.171837,,,,,,,,,,,,,,
117100,,,0.14329879,0.0536229833744648,0.46995142,0.1305309093717717,5348.0,0.24499902,0.0786667479129852,2472.0,90788.10385370256,99097.883562088,90788.10385370256,8301.185538291931,3.670938730239868,0.0
117100,4.821287,1.2412646,,,,,,,,,,,,,,
117200,4.4219494,1.1382207,,,,,,,,,,,,,,
117300,15.549518,1.1923952,,,,,,,,,,,,,,
117400,7.814861,1.2110369,,,,,,,,,,,,,,
117500,2.7583418,1.141653,,,,,,,,,,,,,,
117600,3.169161,1.0759836,,,,,,,,,,,,,,
117700,4.102581,1.1781657,,,,,,,,,,,,,,
117800,2.1558511,1.1456109,,,,,,,,,,,,,,
117900,3.307891,1.1749722,,,,,,,,,,,,,,
118000,3.0643,1.1206921,,,,,,,,,,,,,,
118100,3.4507263,1.2189131,,,,,,,,,,,,,,
118200,2.7640615,1.1343067,,,,,,,,,,,,,,
118300,3.0773573,1.142726,,,,,,,,,,,,,,
118400,3.6871088,1.119588,,,,,,,,,,,,,,
118500,3.977867,1.1075448,,,,,,,,,,,,,,
118600,5.1101375,1.1762047,,,,,,,,,,,,,,
118700,2.2567124,1.1638758,,,,,,,,,,,,,,
118800,4.4438963,1.1408625,,,,,,,,,,,,,,
118900,5.812394,1.1488626,,,,,,,,,,,,,,
118950,,,0.113103904,0.0435385483284213,0.4434606,0.1222279077401353,5348.0,0.23497997,0.0714358255641541,2472.0,92228.09867310524,100670.2742049694,92228.09867310524,8433.435708761215,3.739615201950073,0.0
119000,6.0430913,1.1405989,,,,,,,,,,,,,,
119100,2.6503985,1.1892864,,,,,,,,,,,,,,
119200,4.763336,1.1467943,,,,,,,,,,,,,,
119300,3.7529528,1.1344931,,,,,,,,,,,,,,
119400,3.549235,1.1653131,,,,,,,,,,,,,,
119500,3.6195655,1.1704391,,,,,,,,,,,,,,
119600,3.6947029,1.1069211,,,,,,,,,,,,,,
119700,2.5878768,1.1064605,,,,,,,,,,,,,,
119800,2.6588724,1.1951265,,,,,,,,,,,,,,
119900,3.119915,1.1489149,,,,,,,,,,,,,,
120000,4.898328,1.1122999,,,,,,,,,,,,,,
120100,3.1183379,1.1379027,,,,,,,,,,,,,,
120200,3.4424713,1.0828505,,,,,,,,,,,,,,
120300,7.3994584,1.2324713,,,,,,,,,,,,,,
120400,6.334318,1.1676716,,,,,,,,,,,,,,
120500,3.4767385,1.1671982,,,,,,,,,,,,,,
120600,4.9227195,1.1230586,,,,,,,,,,,,,,
120700,4.4720716,1.0979036,,,,,,,,,,,,,,
120771,,,0.12012767,0.0449144790298595,0.4467453,0.1235505952093611,5348.0,0.23393317,0.0720857961123636,2472.0,93668.28695940971,102243.92230820656,93668.28695940971,8566.75374531746,3.8028483390808105,0.0
120800,3.4485803,1.1505224,,,,,,,,,,,,,,
120900,6.7717614,1.180767,,,,,,,,,,,,,,
121000,3.0616424,1.156385,,,,,,,,,,,,,,
121100,3.7458403,1.1534076,,,,,,,,,,,,,,
121200,11.646916,1.092061,,,,,,,,,,,,,,
121300,4.4302826,1.1049906,,,,,,,,,,,,,,
121400,2.699285,1.1612045,,,,,,,,,,,,,,
121500,3.6487231,1.1593848,,,,,,,,,,,,,,
121600,4.950361,1.0876939,,,,,,,,,,,,,,
121700,4.1931295,1.1193054,,,,,,,,,,,,,,
121800,3.4328356,1.1683031,,,,,,,,,,,,,,
121900,5.4819317,1.1313107,,,,,,,,,,,,,,
122000,4.6213937,1.0990697,,,,,,,,,,,,,,
122100,5.1338496,1.1776196,,,,,,,,,,,,,,
122200,5.882641,1.2130336,,,,,,,,,,,,,,
122300,4.8929143,1.1227102,,,,,,,,,,,,,,
122400,5.66505,1.1780018,,,,,,,,,,,,,,
122500,4.0155683,1.0852594,,,,,,,,,,,,,,
122592,,,0.12957968,0.0481984418956935,0.4434134,0.1216196645973527,5348.0,0.23222461,0.0721264192716267,2472.0,95108.8961098194,103813.48343491554,95108.8961098194,8695.56341433525,3.868523597717285,0.0
122600,2.937987,1.1337731,,,,,,,,,,,,,,
122700,3.744806,1.1270163,,,,,,,,,,,,,,
122800,2.2480395,1.110468,,,,,,,,,,,,,,
122900,3.7946265,1.1033974,,,,,,,,,,,,,,
123000,6.4255347,1.1495311,,,,,,,,,,,,,,
123100,5.3757515,1.1249404,,,,,,,,,,,,,,
123200,33.941113,1.1916829,,,,,,,,,,,,,,
123300,4.4139423,1.1139569,,,,,,,,,,,,,,
123400,2.7764387,1.107442,,,,,,,,,,,,,,
123500,4.2588077,1.1374958,,,,,,,,,,,,,,
123600,3.7778141,1.1702275,,,,,,,,,,,,,,
123700,6.214314,1.1348687,,,,,,,,,,,,,,
123800,4.1793914,1.1914401,,,,,,,,,,,,,,
123900,3.4764373,1.1589341,,,,,,,,,,,,,,
124000,2.8876848,1.1656517,,,,,,,,,,,,,,
124100,6.5813713,1.2158116,,,,,,,,,,,,,,
124200,3.1638165,1.1242559,,,,,,,,,,,,,,
124300,3.7592332,1.1420556,,,,,,,,,,,,,,
124400,2.5164423,1.1962286,,,,,,,,,,,,,,
124438,,,0.1212622,0.0445822052502846,0.44259775,0.1226623671278372,5348.0,0.22961415,0.0705218044807344,2472.0,96549.0140941143,105383.81592917442,96549.0140941143,8825.635376930237,3.933573246002197,0.0
124500,5.0119743,1.1849658,,,,,,,,,,,,,,
124600,6.195698,1.1925621,,,,,,,,,,,,,,
124700,4.6766467,1.1130172,,,,,,,,,,,,,,
124800,3.627794,1.1544504,,,,,,,,,,,,,,
124900,5.666975,1.1850411,,,,,,,,,,,,,,
125000,2.6852062,1.1304549,,,,,,,,,,,,,,
125100,4.182657,1.1199845,,,,,,,,,,,,,,
125200,5.9269385,1.1856035,,,,,,,,,,,,,,
125300,3.7144313,1.1589633,,,,,,,,,,,,,,
125400,7.1784253,1.3446565,,,,,,,,,,,,,,
125500,5.542081,1.3078499,,,,,,,,,,,,,,
125600,3.9340367,1.2872607,,,,,,,,,,,,,,
125700,3.4300065,1.1963836,,,,,,,,,,,,,,
125800,4.062801,1.2192042,,,,,,,,,,,,,,
125900,3.16557,1.1754396,,,,,,,,,,,,,,
126000,3.6460662,1.1317126,,,,,,,,,,,,,,
126100,3.4817944,1.192031,,,,,,,,,,,,,,
126200,4.649272,1.1324915,,,,,,,,,,,,,,
126269,,,0.11774498,0.0452498204575766,0.43792439,0.119177037373162,5348.0,0.22938426,0.0705218044807344,2472.0,97988.92435240746,106956.02021312714,97988.92435240746,8957.775106668472,4.012535333633423,0.0
126269,,,,,,,,,,,97988.92435240746,,,,,0.0
